ela_meta.lin_simple.adj_r2,ela_meta.lin_simple.intercept,ela_meta.lin_simple.coef.min,ela_meta.lin_simple.coef.max_by_min,ela_meta.quad_simple.cond,ela_meta.costs_runtime,ela_level.costs_runtime
-0.019049501990097993,0.025731383707284006,0.01455717184482347,0.017078795331188782,0.008055241378877174,-0.008800519238829636,0.008949271364271321
-0.021098393852105872,0.008411478737878095,0.015105429730999733,0.02987622088347068,0.00991405894943794,-0.0065784068784808455,0.010765586190845677
-0.03618261235332519,0.025736570917122198,-0.02720681303827098,-0.019644238430496612,-0.015937307005287036,-0.01174893620173442,0.0008864510834504236
-0.017718145759100235,0.030135026356522446,0.0011048424737061802,0.020475060999878805,0.01132842844380078,-0.006774324897322717,0.007836002212386332
0.028520222547182724,0.041174771286280644,-0.00887903100889939,0.0038125386168504105,0.008550116948166521,0.02069195102620751,0.012117805462209644
-0.010666555688663825,0.031019433475216154,-0.002877250893942529,0.020570663048737652,0.010626160207776113,0.02294398355735332,0.009672203438351266
0.034789481855542974,0.041393670946321244,-0.010870907708512902,0.001185938662648503,0.008113628158608676,0.020852625632314086,0.011953050816019035
-0.007870190004684736,0.051761887682166156,-0.008811175480220179,0.015380030891741947,0.009882774604022378,-0.025211558676547882,-0.004709893844485662
-0.01648834807212217,0.04471559371990222,-0.0036684523955364473,0.013310459001284325,0.008039660039304617,-0.037967371269231553,-0.0065994968196264455
0.013534960108461627,0.06734391913868816,-0.009072210792020667,0.004331534799355302,0.00757854062051462,-0.020136941114468704,-0.02289568390015963
0.00239819248474955,0.0611971897910393,-0.017389663486533733,0.008988686341545876,0.002658677802822912,-0.025483047087869446,-0.012722605570350187
-0.01674219573364753,0.03421811980802308,0.006304516886686184,0.013618634395860568,0.009672300422299286,-0.022696780315246568,-0.0028480952215280617
-0.0049906579762104344,0.03938595636266738,-0.01907027262630274,0.020430455415511976,0.008799305889917956,-0.007196570115046153,0.00867457653984239
-0.0035548687533892703,0.031208296668990273,-0.016504450864667373,-0.012161319547166455,0.010334168167223233,0.029170708220156445,0.006004319003031736
0.02679752095478156,0.056591019979307315,-0.005535956869989016,-0.00022954946726050363,0.005152293392803556,0.014086801986688654,-0.01840127980593751
0.0156666761292331,0.053057678874157924,-0.012214292760818384,0.012065051480630841,0.005333438294107514,-0.004847021464658745,0.0005172984706301453
-0.033777651006179056,0.026203174979354742,-0.012506027023619217,-0.014636087546645433,0.002912161964703671,-0.028724824107552754,0.0009868482077182161
0.05921690946924555,0.04046732781339558,-0.006584279624991957,0.0009428466614268272,0.00671915718861225,0.01609368255033162,0.016846376813995114
-0.017413995310324396,-0.002462885768853333,0.01965946315978378,0.02392040130326146,0.008903157235209484,0.0035252689843257635,0.014320934517321545
0.000815737682085076,-0.04884357571692396,-0.10158533173741596,-0.09145681063109785,0.007407503336796906,-0.10091307687715845,0.00021420388341369945
-0.011881242627436485,0.01456654013894306,0.01148866676196414,0.015902505443418806,-0.009693275754392161,0.027024071862686006,0.010755227436091948
-0.026017295480480537,-0.017149052695331478,0.04486865409865384,0.028162938821872683,-0.006298915766847872,0.010244329156006019,0.012818732431234305
-0.018890306500906673,0.023459087014690603,-0.037984194341894845,0.0217181956663022,0.006725607163510433,-0.05536325536129964,0.006516254012398276
0.016208434590027306,0.0366066401168768,-0.007671010650031979,0.007775544614735362,0.009225185304082853,0.02193328938780143,0.012993693650593873
-0.003671713208447072,0.04711721787236485,0.011473965477548177,-0.11389543032547776,0.007850719432347927,0.12562441206324645,-0.028501216604918566
0.04406938727269159,0.05175368525670674,-0.0390726598148235,0.013278602819754433,0.0026641846137575517,-0.03984012289311599,0.013480718993675585
-0.00914498116930966,0.04036519117518089,-0.03461741467652218,0.0033188537947798115,0.010423352743965737,-0.03676973726632159,0.004108283776157232
0.04104254125855926,0.04464324191236304,-0.021085533583203694,0.002631274745897128,0.008562190222856743,-0.005551863580143132,0.01250934263613319
0.028911310425379918,0.039517275938802394,-0.007101494849984541,0.00625193159185972,0.008365813411312865,0.019982095034085885,0.01447072424290333
0.05477034837491052,0.04593008166497386,-0.021004993764536323,0.004072326588525858,0.00735347886627925,-0.004537669086076376,0.014502936432788329
0.0005110940759013514,0.032212248057044965,-0.008405563871155914,-0.0001003705855897874,0.010332711556930694,0.02493978785905629,0.008460257902964558
0.09233527973121182,0.04782391725871655,-0.03138039384572609,0.0023275244066901374,0.005698600950019245,-0.0208003136061869,0.015999906611938314
0.031173443598421842,0.03914004722525915,-0.008590238982427265,0.0033227160006679217,0.008582174848034675,0.020719069844530542,0.013966403441572964
-0.054936519145021734,-0.0681335076252747,0.016029906566572532,-0.03219545682166203,0.006519373482117563,-0.008361006402039399,-0.012780093495862638
-0.01243626341033763,0.026384473438400884,0.008017612338134618,0.020708163526493052,0.009478158380597056,-0.006239727151010843,0.010755722859686935
-0.00016658311151804273,0.027239100328627773,0.052426637971389085,-0.0007919194068036988,-0.025572859251278144,0.024441726969325474,0.01406684647562615
0.014279945367855597,0.05004730611152333,-0.0019091055204172869,-0.031719031283047025,0.006447068191565703,0.0009781534867359016,0.008209414389256573
-0.03479789608951696,-0.09095920431031533,0.005119449421007691,0.0037248584380537688,0.010155129933195913,-0.003886722105947607,0.01047182717009496
0.026201049400701764,0.03145603721473934,-0.007321653837830094,0.007636788605117622,0.007250782933921764,0.020634399779083486,0.017007365193605625
0.0747787988644457,0.052065179018496936,-0.023704684335392703,0.010258164357113683,-0.0015258049389659384,-0.019741446369054366,0.016411516478688517
-0.0046023669259112185,-0.04173590443565776,-0.02505078599258134,0.000883852800083712,0.0076918560988276236,-0.011415537270095278,0.0132359240150327
0.00953627893305331,0.025033167713135535,0.043543832109985456,0.01147981843738694,0.006465347315054811,0.001192533688906372,0.0018094241012490211
0.03544575301790508,0.04339778455353567,0.08625053552371785,0.0033459128927986366,0.003868720461773293,-0.0017276953537540274,-0.009024588063694862
0.022786672692830218,0.05973692483954735,-0.00027621734651234187,-0.000513676570868355,0.005874493188948932,0.013221103720021832,-0.02585005386244518
0.03832910555819419,-0.04374738017367242,-0.04482829324784212,-0.02150043773587903,-0.014530515088783905,-0.05658784336742275,0.014377242342632712
0.04329391475273738,-0.00026572305020345494,-0.00382095867993264,-0.10772883519696437,0.009529575471529253,0.025041560878291843,0.07996068780479883
0.04497500980828514,0.06579052310337159,-0.0213820381964679,-0.02247597954740459,0.006629514560561705,-0.025751630369489385,-0.001584160898807356
-0.010555052174430361,0.026802289799724165,0.013059751305208558,0.01933734113947267,0.006596583095530058,-0.005499318378404255,0.01055479059474262
-0.003866525982007568,0.049126363994528674,0.007055844426223823,0.007661103352550487,0.007625701437868673,0.01718250781211835,-0.014026202353945463
-0.011778808356084067,-0.0024677459722076966,0.015455384233038407,0.018799606135311748,0.009378523990828511,0.04400279085641333,0.004839796608936772
-0.018091198805599368,-0.019684519147208986,0.014761067330602238,-0.014644659147622913,0.006925404854917057,0.06815507052186928,0.008609660229930137
0.0347381684269897,0.06060030842991387,-0.01206665705639367,-0.001003380434733074,0.0060808632329013715,-0.0024877037267575872,-0.025365374176430408
0.04889627852362983,0.04654194809578751,0.02749216811365017,-0.06430901353854232,0.007344201855277871,0.025108808392961056,0.02451876490898382
0.04392032008106524,0.03702786573899339,0.04491360396388242,0.000929799908892387,0.0075718040067909555,0.019354265228168407,0.008944407298696921
-0.005469314568588802,-0.015167563131571284,0.003172023877883642,0.017078703520819926,0.010800390425350435,0.007529265298630865,-0.015011321830177745
-0.011873977152582973,-0.007519746683507094,0.013832540296724061,0.027395276488786115,0.00945459245441551,-0.0003543652228093011,0.011543352874914313
-0.014818404988188715,-0.05466290071145955,-0.016448684628956576,0.011626054587009597,0.010860831891251524,0.0007922470950762067,-0.024732745081016284
-0.0033122216821234174,0.020841150233098786,0.0853899862880868,0.015161340893848234,0.005666499287282671,-0.00666357667447248,0.011329692244855121
-0.011223744375657891,0.03552675136187684,0.009466572606033008,0.01319996271491733,0.010422080605260398,0.01863843751324444,-0.008169859437710383
-0.024173948599951315,-0.0539868566544363,0.002444092960550745,0.029823812830288322,0.010260120463027971,-0.006070144192257414,0.008226446036101868
-0.020954531225419872,-0.03363189582875949,0.004385250288193839,0.028332541306855343,0.010458834222308717,-0.005115597496361679,0.00808851493539674
0.13460287923937278,0.047607642508965896,0.006349841128642949,0.001314674015200419,-0.14624739564202793,0.011257874273567971,-0.008802136062452469
-0.043626317683534685,-0.03406930479880591,0.03909583447090517,0.0036443047706611067,0.0055021723518283005,0.0,-0.0013035212654542577
-0.009261968173853911,0.019580018167459936,0.07429908078412022,0.013399635220769503,0.007816036428303547,-0.003574701023265875,-0.008368715446930736
-0.02559289219305337,-0.030812135278441902,0.012737273643218238,0.024607540817871427,0.006044579944552478,-0.00161429742087843,0.003205707994176409
-0.02742932004884448,-0.005279095184185622,0.03448360227656994,0.02544645137063261,0.0021925803779692596,-0.005364555026928568,0.015428386734605531
-0.023577870300616734,-0.10239526140889964,-0.06846428091904225,-0.000202386871098581,0.008979628164649894,-0.014269308486293384,0.0027604672967928485
-0.00988035020181674,0.0204273569134784,0.02032095615801314,0.01154998324216348,0.006880335761027221,0.05438543824793017,-0.003607873819470281
-4.670672431873746e-05,-0.013701753940005022,0.07104940466278413,0.01331919131018657,0.007641026848502005,-0.04510115955636286,0.012973431419320414
-0.01350569278854194,0.02190361191497754,0.03789608167217065,0.0185398057033875,-0.04769002037162157,0.007280927684216945,0.01194415085770193
-0.012139572611827975,-0.07725321925935819,-0.05706647152292804,-0.004095936020451704,0.007478832723639597,0.04738159410323916,0.0260157135947801
-0.011410090476412307,-0.07920558298177786,-0.0571348176499838,-0.00432915729295863,0.0067223348117806765,0.046617494152031765,0.026643129352029764
-0.007092238859751925,-0.12630739016186918,-0.10077604912265843,-0.017961078175240713,0.00590624201875277,-0.06897454581766517,0.005904585756992875
0.014367545478099686,-0.0746479568481708,-0.058419475923589495,-0.00013343906356255708,0.005513645903139454,0.046005440285033575,0.027650368980539367
-0.0410705880150714,-0.17411951909861684,-0.11035067843699757,-0.01044418909713346,-0.012480455377902983,-0.061199565891436596,-0.04331262264449925
-0.051147305454368075,-0.17529341202518772,-0.09440868570945607,-0.007300657084787443,-0.019572809381847644,-0.015648455127800838,-0.07108685032408577
-0.04726225354002734,-0.1959981713449466,-0.10684465313036934,-0.013092023467783516,-0.004756461539808854,-0.07662008942661096,-0.058548329069003036
-0.0515013206592275,-0.1720111620552526,-0.09248538655500148,-0.008545651792502107,-0.03908825170157564,-0.015595189442583935,-0.06798843368975106
0.038447875176765456,-0.034205126756564064,-0.030094454151629996,0.0501600962080418,0.003691367182935626,0.05720001695742771,-0.03875255444868315
0.07818957344738822,-0.014167573763830408,-0.027037835133706598,0.09240728518154957,0.0018897152515313514,-0.00390815628214993,-0.01881668968257616
0.01767135732946333,0.06552770183933501,-0.0066512395307563536,0.0019722358420341465,0.007439911424086071,-0.0033043399538018976,-0.020901372434820348
-0.020330434392665117,-0.14958123349257973,-0.07293023591699838,-0.013486937625901599,0.005432194464463469,0.03363707352893312,0.029737534077824757
-0.029624371842762204,-0.13888956268442226,-0.07577794420480914,-0.01147364795127157,0.007302237155739549,0.0379486201279402,0.030889124395202902
-0.006777203311036359,-0.05771605905377658,-0.028911208202983072,0.008765844296063372,0.009921417596203172,-0.01097429044571149,0.015446826934737413
-0.015954414016716944,-0.029457302985863375,-0.05174302348712596,0.021045491606637386,0.0067884739292455535,-0.05420130143334247,0.0063157645623118375
-0.021366570902587215,-0.10697931075958969,-0.07318037687726084,0.00351045824397897,0.009015185712883778,-0.06093504424990956,0.016424554334381537
0.002402269630833953,-0.18281053142165735,-0.09865605007925227,-0.011543926259997542,0.00577935138223939,-0.045891248000652723,0.02905293725168701
-0.061562691169614235,-0.053392010830335956,0.020594282247606774,-0.04197050532591522,0.006543222579516894,-0.007302225106574224,-0.014973913886164593
-0.016687744010912005,0.03737485545054679,-0.015354933111521661,0.026994597116257808,0.010179936797929872,-0.030153658117837,0.007992599768170853
-0.013486598006153094,-0.03161515426148426,0.0011520180740722287,0.004952428699963433,0.009722080381024975,0.03436926022775715,0.018016499238819355
0.021055284817133323,-0.007362714213272048,-0.013541300398275698,-0.08861900529110976,0.00937641273618277,0.030735612690610627,-0.0020251882922903974
0.004382293411271581,0.015109072489033008,0.010930167350826015,-0.015087727873966783,0.009520114646845927,0.01306264405965106,0.008533773201981044
0.011331264805740756,0.03489718119205017,0.018345972936944697,-0.09239561990845936,0.009475932873627137,0.09817545016018427,-0.009179040094772911
0.0030328019449436814,0.034646306775503795,0.0011772915363414682,0.017307915311895846,-0.004866994705572755,0.01914571433629754,0.011790882806925826
-0.08098720377084094,-0.05000452708519665,-0.018770795153414892,-0.2595819607056726,-0.026104720012633285,0.018835349706866622,-0.025727359837316957
-0.019585788850236797,0.012323112769661363,0.057772924144698125,0.008633300141337364,0.0006255464863371002,-0.011855289928624292,0.011831422525071524
0.001668212408542036,0.025654408647755488,0.023164409090916445,0.013694709891050861,0.008654765332422631,0.0012958035359679348,-0.02110513121255857
-0.008493036625762854,0.01701302464002231,0.03215868963571627,0.018302588975399436,0.006295997612775459,0.019275436618219764,0.014333831766781888
-0.010631016198366408,0.01052746917662124,0.004941349510889159,0.02148885001657753,0.007768069993820323,-0.003790030455174953,-0.005186042365774885
-0.004157928314907994,0.0036079458745855828,0.07526589505439076,0.020089450112146964,0.008125682535833236,-0.023960884319676704,-0.01190614811679446
-0.006969495023484998,0.022257251474130973,0.03954956217754144,0.01499385450569707,0.006764488171165539,0.004429716704271851,0.0018157292139079182
0.006679012943137214,0.03679147163568348,0.010805188875055967,-0.1396233071189285,0.011028231042706038,0.029716784253464266,-0.004050044187085128
-0.009603719990664084,-0.0039119218059473545,-0.016027260818923663,0.01999591641340994,-0.004061657878216476,-0.01024225512699934,0.008294508642639383
0.017270507378405846,0.02390634623839314,-0.006116430598343523,0.015161254476661752,0.007266802879809728,0.0011441161833779384,-0.012321946801221556
-0.0073465384237334,0.013652459720851074,0.014049191962263716,0.018979299174020903,-0.00859194776623928,0.012168412539343493,0.0032278062449620434
0.008701383981674655,0.03301885164674423,0.027306203354875214,0.00820985579404332,0.005865284598532222,0.0034371640183618476,-0.008309497784454528
-0.026901842692236,0.005326652981087962,0.029562735085482635,0.022919738186694343,0.010375699546942665,-0.012029762862415149,0.013156188023068695
-0.024299074601543794,0.0014967480410079045,0.03331893473399349,0.026054111504701282,0.010830676525284164,-0.006830336935855335,0.01524833944169828
0.002056089820035181,0.025629986751181034,0.02253519022094928,0.013953646010682866,0.008627075724474827,0.0012370186085583698,-0.021266611467988517
0.008970377195135666,0.015195569175533304,0.12014920847200526,0.01061555182312625,0.007998677085868051,-0.010031793772777048,0.010701630744662547
-0.026756212915958588,-0.03287151608048076,0.013722478357431494,0.022247613429292892,0.009861918539145937,-0.0008033237674272259,9.35239377297583e-05
0.01755469830222448,0.03299096443966086,0.05072770643061791,0.00958811626358174,0.004761382758294214,0.016673905337524594,0.011810079603488817
-0.0048352387994654075,0.01839053783575842,0.019865709679561652,0.009673900448740318,0.006955202287198253,0.0009320278140053095,0.017893490689015332
-0.013732999530397572,0.04718862791870865,-0.007669186068254525,0.015396181684154244,0.009498862407953605,-0.026693654187238357,-0.0021391536246628644
-0.015291704420577135,0.03226658179748888,0.011101156241944691,0.003211770304483887,0.0019037087017482954,-0.02174995322922691,-0.0011624596884445716
-0.006495713973946361,0.03960402387975869,0.019336378923552437,0.0030986933399979335,0.00696818987336508,0.014567158008799628,-0.03081055187073364
0.019074226477967002,0.065537697195953,0.0009067085357864467,-0.00046983536061102893,0.005993901667129282,-0.01632942502018666,-0.02825820538977695
0.027407971314170134,0.026071352475109534,-0.012346431888132364,0.004708978917296831,0.006240777124635488,0.010012314230013256,-0.015911935507074614
-0.011717800650971213,0.02965599587580237,0.012641796607603045,0.0013360334276306812,0.006380528438444807,-0.003495762482119878,-0.022358995100623242
0.00542415517995765,-0.02631774824501635,0.007559488232858709,0.013568565313759131,0.003269080781716671,-0.0010508684250071058,0.010541068176607118
0.033007371363195905,0.0708737745369521,0.01178902253831655,-0.0004593289715534993,0.005525235456197241,-0.011585206519680044,-0.03866333948012533
-0.015864193530359158,-0.031922825297901115,-0.03344518809647256,0.0035940621812877993,0.006067152676012907,-0.011153555172762964,-0.10726357749016678
0.017175200943645698,0.05700051313595885,-0.0013077764826310491,-0.0009923915248922638,0.00603348287330615,0.017080728741046918,-0.020381036670828422
-0.020366692176805305,-0.07141582132760861,-0.042618049484701624,0.004268488841095204,-0.0018304910557502274,-0.012256052904487611,0.007009929530442176
-0.005366723113148494,0.0278656035822599,0.05486819234541327,0.009053898303484024,0.004485266443686963,0.007789459051443637,-0.005690387758681509
0.028250738516125792,0.004727376492256469,0.012722803819431876,0.010526043234253482,0.007393158871637082,0.001398590106147124,0.01587065756062932
-0.021691316978752356,0.02730030032682726,0.009811069230536068,0.02816748964992611,0.009472700856070167,-0.021397372423777532,0.009468330070766542
-0.07855606033988688,-0.05504374514725105,-0.01748770335412867,-0.4742259396106086,-0.012071834606390863,0.005449090655270217,-0.03027186314715066
-0.014079451752258176,0.014683561575317285,0.011514252107487305,0.010490799198622624,0.01042089461097618,-0.004314581660699521,-0.013253771949913576
-0.022031791379385324,0.01710682168794278,0.024397994723882016,0.029677490178600146,0.010451769943725915,-0.014017070478330918,0.0008935290890233968
0.05973437314732279,0.005615071741165561,0.03280875312494785,0.007003242046983878,0.008992887238532052,-0.004380431765919989,-0.003816692501526678
0.05313826145960321,-0.011542323917303494,0.03810903388506687,0.010023688946738189,0.008491912650032624,-0.05209728085803438,0.00011502683564378058
-0.045362911628911505,-0.15365179752074035,-0.05098224497642759,-0.006530920576090684,0.008297927005271877,-0.05184164713090954,-0.05223163265079028
0.03572086277515748,0.023501289680953937,0.023276031507718755,0.0071944414708233735,0.007593129137028386,0.000775727150006511,0.008757961038764956
-0.005181716429326982,0.05265347856592575,0.010141185797789491,0.0009037314785334677,0.007305431926844009,0.032311712492840476,-0.033321534711863776
0.0032437592373939232,-0.045200236410813374,0.011047298921072316,0.028773743975125794,0.011163315099494423,0.002406861991787714,0.015667038460405146
-0.011096485407021461,0.028026522003180086,0.013892005739208159,0.00993995321648759,0.010099411782249578,0.012078295242719361,-0.024945610762045673
0.039895927906108394,-0.013661210015141333,0.008717595271404732,0.011463228411721347,0.006062034879407473,2.7329089873864842e-05,-0.00613632503968228
-0.003985015932013614,0.02949437949529355,0.01601514188210147,0.02817666130097899,0.009778318103991695,-0.015832181719645,0.014149416747231582
-0.015901915202004704,0.004747885309232487,0.0132875929242269,0.0038748041923076237,0.011317911478259671,0.01151836698115598,0.00955454506831561
-0.027935003948891132,-0.06939161855078774,0.005454397753128745,0.02100817432557462,0.009487699490624226,-0.005430544276973696,0.003101613325352748
-0.018430018756490408,-0.06110863088386058,0.0047380533913639515,-0.0010630583562505867,0.009128509710288129,0.03522315410913396,0.015683728938048223
-0.02886963935043072,-0.018892348105298537,0.03212286279939618,0.009534601044250841,0.010622076778211254,-0.005477108625905343,0.013807497102615526
-0.01652526019937895,0.014148896262643412,0.01895748550147777,0.023253015539191936,-0.01642401622567859,0.02292038364547998,-0.005394322549898148
-0.009667095161717572,0.03327634630043224,0.07966384958541789,-0.006386149557662054,-0.0427365737362412,-0.0071027696802922055,0.0011003712819230918
-0.01093599082823908,0.021611142928501356,0.06378261189653088,0.01260152004089678,0.008271677163182401,-0.0013816604104177899,-0.008500041976374826
-0.011300230705422316,0.04107883834472818,0.0057177090361310925,0.011772457003673168,0.010132398262350725,-0.02054825100961739,0.0016807883257318051
0.009546681547680494,0.0654141337939077,-0.002844866201555069,0.0017804375596210884,0.007260737507250927,-0.0028434487288768453,-0.02874822043476293
-0.02302415157437682,-0.06294867140704007,-0.005525065949594843,0.012519102439069873,0.005898618037268447,-0.004321957519491808,-0.04003390489851185
-0.011299025236314394,0.05464776816031968,-0.004042852184315826,0.009022478035416425,0.009432165999340256,-0.025479781007647095,-0.009268671204468486
0.12539197814919878,-0.01560263994616545,-0.02276051569351451,-0.0027371579871300344,0.0034182337258395865,0.032034520569447715,0.01033068384658161
0.0009211295990460555,0.03597869726555214,0.0020015084264742257,0.016187372082238378,0.009962867385493158,0.019187245496659518,0.010217807130040828
0.015304293325588327,-0.009346030729206712,-0.015070895118115343,-0.007380104763885578,0.0067243024691936125,0.04200652887975764,0.013860018456292204
-0.008542780551390568,-0.027442943406540576,-0.04947806491346755,-0.019891521629108712,0.00895612577857764,-0.012059082797784443,0.006036828650121326
-0.02324596126810178,-0.011229638241157282,0.013321512580148114,0.026331290588767885,-0.045940026496785975,0.0028489554485611537,0.011632883422504061
-0.02196978199748438,0.005026564362819525,0.02005770211156547,0.02424101227708505,0.010187141425349731,-0.005454047018526434,0.012053972435452606
-0.010074651385975469,-0.0033245337548134606,0.015401920131818007,0.027627885502759283,0.008073869060738103,0.0005476374563771619,0.011642541960230294
-0.03725626445220728,-0.016875509189877434,-0.006611683553257059,0.006515044682226745,-0.5785225126980755,-0.0018874912454773427,-0.00981019106344124
-0.013518701589367046,-0.005285898975055728,0.013857321102404483,0.022702087201392315,0.009931553985085068,0.04060865707148834,0.004046587183229943
0.0026189925686247906,0.029208062776969537,0.042656574301299786,0.0197990610526815,0.0020996152543557856,0.005343287918312297,0.01173475039728008
-0.007580403611218934,0.03908645748311165,0.001344278091339142,0.02284864766231509,0.010397368393008458,-0.022273848323451674,0.009546825776436754
-0.0270701373484503,0.002337047420748784,0.03933387962766845,0.024348323865935294,0.010053579322259353,-0.004473473107550106,0.002891554970786481
-0.016899572207022658,-0.006950392142096743,0.0221144828119549,0.02655624083154446,0.00854609011185481,-0.002356161704625423,0.015309600382319282
-0.01775772917125014,0.01568133664741365,0.03385485193848167,0.010854890296388826,0.01029109613275702,0.007682683978615558,-0.011620457243364607
-0.012003039295726246,-0.026522331851479508,2.084647723956095e-05,0.019133011520288932,0.004583489336400192,-0.004466421833529814,0.015112443646021477
0.0017429081587248332,0.0416512190803492,-0.012382161168541954,0.010150219133933247,-0.009544018664546985,-0.0072471726910747205,0.006697867750217124
0.12894804997790482,0.01055024022186568,-0.049726750200708,0.0022780694249611017,-0.012138228249449986,-0.03920649199903958,0.005570833828649774
0.05723958647134975,-0.06415260429479856,-0.04632600822052647,0.035854829258176645,0.005116844923250909,0.03323773506562996,0.025467627249965395
-0.010369881729732428,0.023324761298605043,0.038813514945676766,-0.008017234959272214,-0.001240376003125418,0.0067311805346555315,0.012776747381122422
