File,ela_meta.lin_simple.adj_r2,ela_meta.lin_simple.intercept,ela_meta.lin_simple.coef.min,ela_meta.lin_simple.coef.max,ela_meta.lin_simple.coef.max_by_min,ela_meta.lin_w_interact.adj_r2,ela_meta.quad_simple.adj_r2,ela_meta.quad_simple.cond,ela_meta.quad_w_interact.adj_r2,ela_meta.costs_fun_evals,ela_meta.costs_runtime,ela_distr.skewness,ela_distr.kurtosis,ela_distr.number_of_peaks,ela_distr.costs_fun_evals,ela_distr.costs_runtime,ela_level.mmce_lda_10,ela_level.mmce_qda_10,ela_level.mmce_mda_10,ela_level.lda_qda_10,ela_level.lda_mda_10,ela_level.qda_mda_10,ela_level.mmce_lda_25,ela_level.mmce_qda_25,ela_level.mmce_mda_25,ela_level.lda_qda_25,ela_level.lda_mda_25,ela_level.qda_mda_25,ela_level.mmce_lda_50,ela_level.mmce_qda_50,ela_level.mmce_mda_50,ela_level.lda_qda_50,ela_level.lda_mda_50,ela_level.qda_mda_50,ela_level.costs_fun_evals,ela_level.costs_runtime,Class
1037_ada_prior,0.5474385153865,0.555297666856803,0.0050378236953597,0.0057606682572681,1.1434834971645,0.761785057826205,0.551706461510108,1.21918498139703,0.860248148766879,0,0.0900000000001455,1.27585858453519,-0.0791327814787208,33.0,0.0,0.0,0.0169,0.0169,0.0169,1.0,1.0,1.0,0.0169,0.0169,0.0169,1.0,1.0,1.0,0.0169,0.0169,0.0169,1.0,1.0,1.0,0,318.720000000001,Tuning
1043_ada_agnostic,0.540736995278986,0.560597528432006,0.0054893313324916,0.0059664992895249,1.08692642657748,0.744880888600251,0.543863314657847,3.55115032937567,0.85425569513808,0,0.0400000000008731,1.15609613465304,-0.413838772599503,21.0,0.0,0.0,0.0156333333333333,0.0156333333333333,0.0156333333333333,1.0,1.0,1.0,0.0156333333333333,0.0156333333333333,0.0156333333333333,1.0,1.0,1.0,0.0156333333333333,0.0156333333333333,0.0156333333333333,1.0,1.0,1.0,0,226.129999999997,Tuning
1048_jEdit_4.2_4.3,0.486886974405047,0.536509034571953,0.0014827682579848,0.0035244277519428,2.37692419767115,0.567683011981038,0.571894290329017,26.0467982550354,0.764204518307656,0,0.0399999999990541,0.849830726198501,-0.827325687040585,61.0,0.0,0.0,0.0114333333333333,0.0114333333333333,0.0114333333333333,1.0,1.0,1.0,0.0114333333333333,0.0114333333333333,0.0114333333333333,1.0,1.0,1.0,0.0948333333333333,0.0913666666666667,0.063,1.03794235680409,1.50529100529101,1.45026455026455,0,230.050000000003,Defaults
1049_pc4,0.439388993465959,0.536891617811577,0.0034631924535502,0.0042379892680756,1.22372329141893,0.639280254689818,0.46138110372267,1.39806099992913,0.791770786351463,0,0.0399999999990541,nan,nan,nan,nan,nan,0.0936333333333333,0.0916333333333333,0.0908333333333333,1.02182611858858,1.03082568807339,1.00880733944954,0.0936333333333333,0.0916333333333333,0.0912,1.02182611858858,1.02668128654971,1.0047514619883,0.0936333333333333,0.0916333333333333,0.091,1.02182611858858,1.02893772893773,1.00695970695971,0,283.760000000002,Tuning
1050_pc3,0.236486293140208,0.509727232842426,0.0007377486628917,0.0012362024640287,1.67564175471785,0.325306659232294,0.309128711125608,1.17578354501771,0.568459234538959,0,0.0299999999988358,nan,nan,nan,nan,nan,0.0959,0.094,0.0927,1.02021276595745,1.03451995685005,1.01402373247033,0.107933333333333,0.0874,0.0640333333333333,1.23493516399695,1.68558042686101,1.36491410723581,0.107933333333333,0.0874,0.0666333333333333,1.23493516399695,1.61980990495248,1.31165582791396,0,214.989999999998,Tuning
1054_mc2,0.398769332557066,0.519149748250244,0.0020915916480594,0.0023054431183519,1.10224341376143,0.608369858725662,0.407054311938524,1.6093605994194,0.706176708686042,0,0.0299999999988358,2.03543893759397,3.08139800382916,77.0,0.0,0.0,0.0464333333333333,0.0464333333333333,0.0464333333333333,1.0,1.0,1.0,0.1425,0.136,0.134366666666667,1.04779411764706,1.06053088563632,1.01215579260729,0.1425,0.136,0.136933333333333,1.04779411764706,1.04065238558909,0.993184031158715,0,221.129999999997,Tuning
1056_mc1,0.216143611082258,0.50662042435535,0.0004621964344447,0.0008448975935469,1.82800543358129,0.287558960731662,0.30087145315989,1.38530863253405,0.509364190116168,0,0.0300000000006548,nan,nan,nan,nan,nan,0.0644,0.0644,0.0644,1.0,1.0,1.0,0.0977,0.0713,0.0557666666666667,1.37026647966339,1.7519426180514,1.27854154213987,0.0977,0.0713,0.0568666666666667,1.37026647966339,1.71805392731536,1.25381008206331,0,218.639999999999,Tuning
1061_ar4,0.364026652264252,0.523210980405153,0.0025660626937297,0.0026475058165561,1.03173855534606,0.556567144481274,0.372830168217479,1.26555963500292,0.661740664139181,0,0.0500000000010914,nan,nan,nan,nan,nan,0.0261,0.0261,0.0261,1.0,1.0,1.0,0.0261,0.0261,0.0261,1.0,1.0,1.0,0.0261,0.0261,0.0261,1.0,1.0,1.0,0,413.890000000007,Defaults
1063_kc2,0.446637747734451,0.534107259066827,0.0031539840997176,0.0033555161996025,1.06389762710059,0.637902807882902,0.460934367402711,3.31858820782,0.77768448434447,0,0.0600000000013097,1.2134061659466,-0.222352005219589,57.0,0.0,0.0,0.0903333333333333,0.0799333333333333,0.0776333333333333,1.13010842368641,1.1635895234006,1.02962644911979,0.0629333333333333,0.0300666666666667,0.0235,2.09312638580931,2.67801418439716,1.27943262411348,0.0629333333333333,0.0300666666666667,0.0225333333333333,2.09312638580931,2.79289940828402,1.33431952662722,0,538.189999999995,Defaults
1064_ar6,0.240605757152767,0.512561029843945,0.0014363955974133,0.0015974756912286,1.11214187380232,0.389863659085543,0.260667222778287,1.57242950309292,0.494849251770941,0,0.0500000000010914,nan,nan,nan,nan,nan,0.0753333333333333,0.0753333333333333,0.0634333333333333,1.0,1.18759852863899,1.18759852863899,0.0753333333333333,0.0753333333333333,0.0634666666666667,1.0,1.18697478991597,1.18697478991597,0.0753333333333333,0.0753333333333333,0.0620666666666667,1.0,1.21374865735768,1.21374865735768,0,538.510000000002,Tuning
1065_kc3,0.304977930771789,0.511712960270738,0.0013565038304466,0.0014745129996514,1.08699508733852,0.48723299115997,0.328310708091662,10.3584539227379,0.628090521628368,0,0.0500000000010914,nan,nan,nan,nan,nan,0.0586,0.0586,0.0568,1.0,1.03169014084507,1.03169014084507,0.161866666666667,0.159433333333333,0.151033333333333,1.01526238762283,1.07172809534319,1.05561686161995,0.161866666666667,0.159433333333333,0.148566666666667,1.01526238762283,1.08952210006731,1.07314336997981,0,475.909999999996,Tuning
1066_kc1-binary,0.456976970865816,0.545473797522406,0.0041618229782317,0.005233532962918,1.25750974760144,0.648521646344822,0.46628072053826,2.40848991131626,0.750478509904415,0,0.0500000000010914,1.51860487820511,0.616824252456007,135.0,0.0,0.0,0.0368333333333333,0.0368333333333333,0.0368333333333333,1.0,1.0,1.0,0.0368333333333333,0.0368333333333333,0.0368333333333333,1.0,1.0,1.0,0.0368333333333333,0.0368333333333333,0.0368333333333333,1.0,1.0,1.0,0,485.980000000003,Defaults
1067_kc1,0.369635853142044,0.515883272829297,0.0015266171422305,0.001709473599616,1.11977885766325,0.530826992758278,0.422012798909903,3.36798527231949,0.743062465734596,0,0.0399999999990541,1.59655416214874,1.36420839358612,86.0,0.0,0.0,0.106333333333333,0.0691,0.0740333333333333,1.53883260974433,1.43628995947771,0.933363349842413,0.0693666666666667,0.0372,0.0298,1.86469534050179,2.32774049217002,1.24832214765101,0.0693666666666667,0.0372,0.0289,1.86469534050179,2.4002306805075,1.28719723183391,0,208.25,Tuning
1068_pc1,0.367669501798556,0.512577978284887,0.0006320302277466,0.001515510189182,2.39784447428294,0.441315320590157,0.485363627442085,1.62484772890828,0.691797933614554,0,0.0300000000006548,1.91990354182556,3.00852227556372,99.0,0.0,0.0100000000020373,0.0764333333333333,0.0691,0.0596666666666667,1.10612638687892,1.28100558659218,1.15810055865922,0.0838666666666667,0.0749333333333333,0.0659333333333333,1.11921708185053,1.27199191102123,1.13650151668352,0.0839,0.0749333333333333,0.0659333333333333,1.11966192170819,1.27249747219414,1.13650151668352,0,205.419999999998,Tuning
1069_pc2,0.0801289186189955,0.501501391599298,0.0001743029131429,0.0002174923770025,1.24778394738707,0.130118350030357,0.101902692574034,3.34423495650538,0.220568595515458,0,0.0300000000006548,5.27473337318936,34.2544113089745,97.0,0.0,0.0,0.0809333333333333,0.0606333333333333,0.0441,1.33479934029687,1.83522297808012,1.37490551776266,0.204133333333333,0.201633333333333,0.141966666666667,1.01239874359398,1.4378962197699,1.42028645221883,0.181533333333333,0.176166666666667,0.1651,1.03046357615894,1.09953563496871,1.06703008277811,0,433.279999999999,Tuning
1071_mw1,0.266096312204604,0.511584518223413,0.0014411143957303,0.0014516870592489,1.00733644986814,0.43245392392077,0.287040756581527,6.9491725496146,0.567471731873041,0,0.0400000000008731,2.8420045656402,7.47196894746886,145.0,0.0,0.0,0.0909333333333333,0.0909333333333333,0.0898333333333333,1.0,1.01224489795918,1.01224489795918,0.1284,0.0993,0.0863,1.29305135951662,1.48783314020857,1.15063731170336,0.115933333333333,0.077,0.0580333333333333,1.50562770562771,1.99770246984492,1.3268236645606,0,320.970000000001,Tuning
1073_jEdit_4.0_4.2,0.461634443984589,0.594140628584776,0.00314253059123,0.007020984212331,2.23418165981417,0.532102112915865,0.662853568809941,9.91251529876358,0.826840288939632,0,0.0500000000010914,0.372843237206364,-1.56236753781208,34.0,0.0,0.0,0.0392,0.0392,0.0392,1.0,1.0,1.0,0.0392,0.0392,0.0392,1.0,1.0,1.0,0.231566666666667,0.140166666666667,0.101566666666667,1.65208085612366,2.27994748933377,1.38004594683295,0,187.849999999999,Defaults
1075_datatrieve,0.103902625146866,0.508075784268374,0.0006119550119636,0.001075837615054,1.7580338325882,0.14072026251287,0.139199032097312,1.0793204565789,0.269138589309804,0,0.0299999999988358,nan,nan,nan,nan,nan,0.0775,0.0775,0.0759666666666667,1.0,1.02018429135586,1.02018429135586,0.1015,0.1154,0.103666666666667,0.879549393414211,0.979099678456592,1.11318327974277,0.1015,0.1154,0.103733333333333,0.879549393414211,0.978470437017995,1.11246786632391,0,187.940000000002,Tuning
11_balance-scale,0.466722747941007,0.563561233287449,0.0089635728854598,0.0108095194852056,1.2059387058413,0.570433411419363,0.61433424636139,4.16180723730108,0.760596173862529,0,0.0300000000006548,0.67684189693087,-0.210685604933877,10.0,0.0,0.0,nan,nan,nan,nan,nan,nan,0.119733333333333,0.1233,0.118333333333333,0.971073263044066,1.01183098591549,1.04197183098592,0.253333333333333,0.1898,0.182533333333333,1.33473832103969,1.38787436084733,1.03981008035062,0,124.809999999998,Tuning
1100_PopularKids,0.340900017553937,0.328542723771546,0.0004234824245639,0.002136514819875,5.04510859470666,0.599648076190931,0.341963929221713,1.72180574275309,0.676705616474939,0,0.0600000000013097,0.320625765560964,0.246930050949758,52.0,0.0,0.0,0.102533333333333,0.118966666666667,0.104066666666667,0.86186606892687,0.985265855221012,1.14317745035234,0.0883666666666667,0.0430666666666667,0.0251666666666667,2.05185758513932,3.5112582781457,1.7112582781457,0.102933333333333,0.0631666666666667,0.0403666666666667,1.62955145118734,2.54995871180842,1.56482246077622,0,184.830000000002,Defaults
1115_teachingAssistant,0.465904553000592,0.396854886103934,0.0044279538992622,0.0057014182949217,1.28759657951082,0.597667440837986,0.506372436432877,23.5471403416069,0.742703623442996,0,0.0300000000006548,1.0812515422477,-0.473013314772278,42.0,0.0,0.0,0.0186,0.0186,0.0186,1.0,1.0,1.0,0.0186,0.0186,0.0186,1.0,1.0,1.0,0.0186,0.0186,0.0186,1.0,1.0,1.0,0,185.849999999999,Tuning
1121_badges2,0.483873653027506,0.632581953382965,0.011379479632036,0.0127002652524141,1.11606731266162,0.659237633580269,0.49913280273115,21.9290933375098,0.790032471895513,0,0.0500000000010914,1.03318530533616,-0.866736919695721,7.0,0.0,0.0,nan,nan,nan,nan,nan,nan,nan,nan,nan,nan,nan,nan,nan,nan,nan,nan,nan,nan,0,0.709999999999127,Tuning
1167_pc1_req,0.416851113767092,0.478056589706311,0.0021925746093674,0.0025357951066461,1.15653765934002,0.588413690769666,0.425522008102203,5.30874812727389,0.649696593099721,0,0.0599999999994907,-0.552296774955509,-0.095715460266502,61.0,0.0,0.0,0.105133333333333,0.118433333333333,0.104733333333333,0.887700534759358,1.00381922342457,1.13080840229153,0.1042,0.0890666666666667,0.0794666666666667,1.16991017964072,1.31124161073825,1.12080536912752,0.117333333333333,0.0847333333333333,0.064,1.38473642800944,1.83333333333333,1.32395833333333,0,185.720000000001,Defaults
13_breast-cancer,0.287348538538025,0.510039777137044,0.0011690019552772,0.0018002182228307,1.53996168672261,0.486737816831795,0.302415276717406,1.39895531341597,0.591131465431122,0,0.0299999999988358,nan,nan,nan,nan,nan,0.0768333333333333,0.0768333333333333,0.0768333333333333,1.0,1.0,1.0,0.142633333333333,0.124466666666667,0.117466666666667,1.14595607927156,1.21424517593644,1.05959137343927,0.1144,0.0549,0.0284,2.08378870673953,4.02816901408451,1.9330985915493,0,185.139999999999,Tuning
14_mfeat-fourier,0.694053761372647,0.375573991221415,0.0052120111444619,0.0263078937353134,5.04755132061966,0.731553161796016,0.699546182827105,4.07814692218123,0.779290275832023,0,0.0100000000002183,0.450651391986628,-1.38304440446445,18.0,0.0,0.0299999999988358,nan,nan,nan,nan,nan,nan,nan,nan,nan,nan,nan,nan,0.176,0.178,0.172866666666667,0.98876404494382,1.01812572310066,1.02969533359044,0,61.1700000000055,Tuning
1442_MegaWatt1,0.248893079619723,0.512241526527289,0.0013538921976822,0.0015168974895382,1.12039754135152,0.396241945867633,0.269106411092426,10.5036024791387,0.523977457974397,0,0.069999999999709,nan,nan,nan,nan,nan,0.0964666666666667,0.0964666666666667,0.0592666666666667,1.0,1.62767154105737,1.62767154105737,0.0964666666666667,0.0964666666666667,0.0585,1.0,1.64900284900285,1.64900284900285,0.0964666666666667,0.0964666666666667,0.0598333333333333,1.0,1.61225626740947,1.61225626740947,0,185.580000000002,Tuning
1443_PizzaCutter1,0.387600200383593,0.522030548439656,0.0015032707803958,0.0026756957628361,1.77991603224778,0.512119830094915,0.462086767864188,1.24646562718167,0.711234129059429,0,0.0500000000010914,2.21648825164309,4.71551484207023,80.0,0.0,0.0100000000020373,0.0203333333333333,0.0203333333333333,0.0203333333333333,1.0,1.0,1.0,0.0203333333333333,0.0203333333333333,0.0203333333333333,1.0,1.0,1.0,0.0203333333333333,0.0203333333333333,0.0203333333333333,1.0,1.0,1.0,0,184.629999999997,Tuning
1444_PizzaCutter3,0.241588686999862,0.511279156572528,0.000813787868398,0.0014165208408019,1.74065121367606,0.325818248191736,0.313718227275896,1.21998713034649,0.56785507789223,0,0.0399999999990541,nan,nan,nan,nan,nan,0.0416333333333333,0.0416333333333333,0.0416333333333333,1.0,1.0,1.0,0.0416333333333333,0.0416333333333333,0.0416333333333333,1.0,1.0,1.0,0.0416333333333333,0.0416333333333333,0.0416333333333333,1.0,1.0,1.0,0,182.389999999999,Tuning
1446_CostaMadre1,0.240278816488344,0.511513202542783,0.0009794740143934,0.0015057243618608,1.53727851860713,0.347242669442824,0.29475737293369,1.6055006117724,0.534565879054146,0,0.0300000000006548,nan,nan,nan,nan,nan,0.0325333333333333,0.0325333333333333,0.0325333333333333,1.0,1.0,1.0,0.0325333333333333,0.0325333333333333,0.0325333333333333,1.0,1.0,1.0,0.0325333333333333,0.0325333333333333,0.0325333333333333,1.0,1.0,1.0,0,185.689999999995,Tuning
1447_CastMetal1,0.18889227469026,0.506619085490188,0.0005845160148979,0.0009141574026042,1.56395612661515,0.276643066805759,0.241390032219917,1.95744284419994,0.444464944678958,0,0.0399999999990541,nan,nan,nan,nan,nan,0.0571,0.0571,0.0571,1.0,1.0,1.0,0.0571,0.0571,0.0571,1.0,1.0,1.0,0.0571,0.0571,0.0571,1.0,1.0,1.0,0,186.109999999993,Tuning
1451_PieChart1,0.354332521752799,0.52172983046047,0.0013266584415481,0.0026260393286379,1.97943890182731,0.454810748101579,0.450835931342331,1.42666772916143,0.70374824510449,0,0.0300000000006548,2.29649779589266,4.85769198431696,95.0,0.0,0.0,0.0208,0.0208,0.0208,1.0,1.0,1.0,0.0208,0.0208,0.0208,1.0,1.0,1.0,0.0208,0.0208,0.0208,1.0,1.0,1.0,0,185.360000000001,Tuning
1452_PieChart2,0.0877265149712014,0.502406161310283,0.0002304189663258,0.0003480008603189,1.51029607444257,0.132702854441022,0.113404101796194,2.5638894887543,0.22323345961455,0,0.0499999999992724,nan,nan,nan,nan,nan,0.0870333333333333,0.109833333333333,0.0928666666666667,0.792412746585736,0.937185929648241,1.1826992103374,0.123433333333333,0.134766666666667,0.1333,0.915904031659659,0.925981495373843,1.01100275068767,0.123433333333333,0.134766666666667,0.135,0.915904031659659,0.914320987654321,0.998271604938272,0,182.709999999999,Tuning
1453_PieChart3,0.239211994253585,0.511179720917231,0.0008099823838475,0.0014040215260462,1.73339760721326,0.324992467698889,0.308270434229956,1.19939504733715,0.560318282510184,0,0.0300000000006548,nan,nan,nan,nan,nan,0.0410666666666667,0.0410666666666667,0.0410666666666667,1.0,1.0,1.0,0.0410666666666667,0.0410666666666667,0.0410666666666667,1.0,1.0,1.0,0.0410666666666667,0.0410666666666667,0.0410666666666667,1.0,1.0,1.0,0,184.860000000001,Tuning
1455_acute-inflammations,0.540498106361938,0.704643366058432,0.0074259590394383,0.0184997422273733,2.49122599910981,0.606438065794229,0.672350921983412,6.03110775753041,0.843417583483214,0,0.0400000000008731,0.350245960238375,-1.81158262621738,9.0,0.0,0.0,nan,nan,nan,nan,nan,nan,nan,nan,nan,nan,nan,nan,nan,nan,nan,nan,nan,nan,0,0.75,Defaults
1456_appendicitis,0.407459295538648,0.552329268212263,0.0042552295022636,0.0054534664030152,1.28159160395794,0.569366204811521,0.433514107813347,3.29191148420399,0.719723213048078,0,0.0399999999990541,1.41224732734576,0.317155423162305,74.0,0.0,0.0,0.0061,0.0061,0.0061,1.0,1.0,1.0,0.0061,0.0061,0.0061,1.0,1.0,1.0,0.0061,0.0061,0.0061,1.0,1.0,1.0,0,186.640000000007,Defaults
1459_artificial-characters,0.483379711375593,0.250177514885764,0.0070901322908846,0.0139264612273468,1.96420329776517,0.572762155021068,0.641434097894398,40.58853557257,0.869050558352303,0,0.0299999999988358,0.834631587913913,-1.00152990370172,22.0,0.0,0.0199999999967986,0.0015333333333333,0.0010333333333333,0.0015333333333333,1.48387096774194,1.0,0.673913043478261,0.0015333333333333,0.0010333333333333,0.0015333333333333,1.48387096774194,1.0,0.673913043478261,0.162133333333333,0.125166666666667,0.0484666666666667,1.29533954727031,3.34525447042641,2.58253094910591,0,184.659999999996,Tuning
1460_banana,0.354948481156767,0.648928318459676,0.0039158105414179,0.0111079179998381,2.83668422727516,0.362727302805087,0.674289628964874,4.94722335849768,0.828293610986103,0,0.069999999999709,0.483302598033245,-1.58815907724786,13.0,0.0,0.0100000000020373,0.0051666666666666,0.0047,0.0051666666666666,1.09929078014184,1.0,0.909677419354839,0.0051666666666666,0.0047,0.0051666666666666,1.09929078014184,1.0,0.909677419354839,0.178933333333333,0.1329,0.0575666666666667,1.34637572109355,3.10828025477707,2.30862767805443,0,185.200000000004,Tuning
1462_banknote-authentication,0.520088627774134,0.722710838452836,0.0093537959614025,0.0171429220768825,1.832723543214,0.59394588071504,0.691331451187727,2.70221388897895,0.844442870062655,0,0.0300000000006548,0.19976707319247,-1.88864807601739,6.0,0.0,0.0100000000020373,nan,nan,nan,nan,nan,nan,nan,nan,nan,nan,nan,nan,0.186533333333333,0.120866666666667,0.041,1.54329840044126,4.54959349593496,2.9479674796748,0,62.0900000000038,Tuning
1463_blogger,0.227779238261427,0.481285054132998,0.0013782138238963,0.0018122887834544,1.31495472765678,0.276637197935662,0.229183874661949,3.34519873141072,0.308488399019333,0,0.0300000000006548,-0.169362253223542,1.8231325680186,58.0,0.0,0.0199999999967986,0.0763666666666667,0.0763666666666667,0.0763666666666667,1.0,1.0,1.0,0.208166666666667,0.202166666666667,0.192533333333333,1.02967848309975,1.08119806094183,1.05003462603878,0.1325,0.127733333333333,0.1131,1.03731732776618,1.17152961980548,1.12938402593575,0,184.470000000001,Defaults
1464_blood-transfusion-service-center,0.148767137625416,0.5101451383796,0.0010463514720265,0.001053089549953,1.00643959329795,0.223593657235359,0.31914492676228,19.2221154162947,0.544257024116491,0,0.0500000000010914,1.94881223246382,3.79723235918055,124.0,0.0,0.0,0.0769,0.0632666666666667,0.0563333333333333,1.21548998946259,1.36508875739645,1.12307692307692,0.0683333333333333,0.0415,0.0299666666666667,1.64658634538153,2.28031145717464,1.38487208008899,0.0683333333333333,0.0415,0.0325333333333333,1.64658634538153,2.10040983606557,1.27561475409836,0,181.420000000006,Tuning
1465_breast-tissue,0.454491405266015,0.227732783683045,0.0028574521349173,0.0047951525766501,1.67812174981152,0.545034825449707,0.475776988123149,4.13760095414331,0.655006755778454,0,0.0399999999990541,1.17731248188901,0.34821570882798,25.0,0.0,0.0100000000020373,0.0021,0.0021,0.0021,1.0,1.0,1.0,0.0021,0.0021,0.0021,1.0,1.0,1.0,0.1225,0.1224,0.1239,1.00081699346405,0.988700564971751,0.987893462469734,0,207.200000000004,Defaults
1466_cardiotocography,0.530041627750203,0.345788829316995,0.0205805627966585,0.0242588751598711,1.1787274915441,0.706501395796564,0.538246780293904,2.74904883977831,0.823037220668162,0,0.0400000000008731,1.02657240063147,-0.838996579843648,6.0,0.0,0.0199999999967986,nan,nan,nan,nan,nan,nan,nan,nan,nan,nan,nan,nan,0.1393,0.1203,0.0710666666666667,1.15793848711554,1.96013133208255,1.69277673545966,0,127.669999999998,Tuning
1468_cnae-9,0.525970553773694,0.261390309909309,0.0115796969045706,0.0183702657150365,1.58642025490198,0.723039522261475,0.581296378724534,8.82731027583402,0.849419643372923,0,0.0399999999990541,1.7261238516143,1.3503930600036,12.0,0.0,0.0,0.0720333333333333,0.0487333333333333,0.0509333333333333,1.4781121751026,1.41426701570681,0.956806282722513,0.107366666666667,0.105266666666667,0.1138,1.01994933502217,0.943468072642062,0.925014645577036,0.0962,0.0964333333333333,0.0921666666666667,0.997580366401659,1.04376130198915,1.04629294755877,0,569.959999999999,Tuning
1473_fertility,0.0861936399746331,0.506096746194762,0.0005572769805923,0.0008036745954299,1.44214568951988,0.123429683321125,0.124395488021189,1.41373132259913,0.249236391207012,0,0.0299999999988358,nan,nan,nan,nan,nan,0.0305333333333333,0.0305333333333333,0.0305333333333333,1.0,1.0,1.0,0.181633333333333,0.174766666666667,0.1658,1.03929048254816,1.09549658222758,1.05408122235625,0.181633333333333,0.174766666666667,0.168133333333333,1.03929048254816,1.08029341792228,1.03945281522601,0,490.519999999997,Tuning
1475_first-order-theorem-proving,0.522590521362899,0.237677308397676,0.0023682393995142,0.006840386825744,2.88838485971778,0.586911436496793,0.665557684677333,25.2014425812133,0.884491934535728,0,0.0500000000010914,0.893095100667016,-0.758706900854278,26.0,0.0,0.0,0.0044,0.0044,0.0044,1.0,1.0,1.0,0.0044,0.0044,0.0044,1.0,1.0,1.0,0.121533333333333,0.108266666666667,0.0665333333333333,1.12253694581281,1.82665330661323,1.62725450901804,0,503.790000000001,Tuning
1479_hill-valley,0.765200052146323,0.558943347352436,0.0012634691203638,0.0064666726257602,5.11818810727877,0.773794237507482,0.928668185961845,2.34470467449221,0.949527672872302,0,0.0299999999988358,0.865237487750949,-0.663703126832726,16.0,0.0,0.0,0.100566666666667,0.1,0.100433333333333,1.00566666666667,1.00132758048457,0.995685363425158,0.202333333333333,0.198333333333333,0.179033333333333,1.02016806722689,1.13014336250233,1.10780115434742,0.109733333333333,0.107866666666667,0.0838,1.01730531520396,1.30946698488465,1.28719172633254,0,509.950000000004,Tuning
1480_ilpd,0.20857221802544,0.512495373917984,0.0004323531757205,0.0014707443150099,3.40171969954658,0.233658456430642,0.358736316910005,2.85674425128662,0.554678290151761,0,0.0499999999992724,nan,nan,nan,nan,nan,0.0494333333333333,0.0494333333333333,0.0494333333333333,1.0,1.0,1.0,0.0494333333333333,0.0494333333333333,0.0494333333333333,1.0,1.0,1.0,0.0494333333333333,0.0494333333333333,0.0494333333333333,1.0,1.0,1.0,0,503.629999999997,Tuning
1484_lsvt,0.395174237520074,0.546761242605575,0.0048804753799512,0.0061544694387664,1.26103892748823,0.599961337530534,0.432521732048927,6.65060650194153,0.719101669820026,0,0.0400000000008731,nan,nan,nan,nan,nan,6.66666666666667e-05,nan,nan,nan,nan,nan,6.66666666666667e-05,nan,nan,nan,nan,nan,6.66666666666667e-05,nan,nan,nan,nan,nan,0,239.840000000004,Tuning
1487_ozone-level-8hr,0.308335239045548,0.521348774875889,0.002213971159524,0.002663395085453,1.20299448075266,0.472239273210193,0.336235925953412,3.86418361476001,0.633990943853532,0,0.0299999999988358,nan,nan,nan,nan,nan,0.0002333333333333,0.0002333333333333,0.0002333333333333,1.0,1.0,1.0,0.0002333333333333,0.0002333333333333,0.0002333333333333,1.0,1.0,1.0,0.0002333333333333,0.0002333333333333,0.0002333333333333,1.0,1.0,1.0,0,459.349999999999,Tuning
1488_parkinsons,0.437274430847517,0.574134502514333,0.0060753234280653,0.0078311372537163,1.28900746543631,0.600001929144988,0.470931754509586,2.77242693589587,0.770152523247947,0,0.0100000000002183,1.40633036428781,0.326601615999978,71.0,0.0,0.0100000000020373,nan,nan,nan,nan,nan,nan,nan,nan,nan,nan,nan,nan,nan,nan,nan,nan,nan,nan,0,1.68000000000029,Tuning
1489_phoneme,0.48548312394542,0.614502311807632,0.0038678336696601,0.0098401697353248,2.54410364450585,0.537407416527869,0.664379053494643,6.34525200974273,0.835611691365953,0,0.0100000000002183,0.625179040114587,-1.29432261560785,29.0,0.0,0.0,0.0001,nan,nan,nan,nan,nan,0.0001,nan,nan,nan,nan,nan,0.152266666666667,0.1281,0.0690333333333333,1.18865469685142,2.20569773056494,1.85562530178658,0,275.590000000004,Tuning
1490_planning-relax,0.0919388694911165,0.496439980912816,0.0002988973646169,0.0004748039837135,1.58851846794337,0.130172489438117,0.118172930728687,1.10332273770766,0.233005466202396,0,0.0400000000008731,nan,nan,nan,nan,nan,0.104466666666667,0.0475333333333333,0.0506,2.19775596072931,2.06455862977602,0.939393939393939,0.114166666666667,0.0529666666666667,0.0510333333333333,2.15544367526746,2.23709993468321,1.03788373612018,0.114166666666667,0.0529666666666667,0.0503333333333333,2.15544367526746,2.2682119205298,1.0523178807947,0,501.620000000003,Defaults
1491_one-hundred-plants-margin,0.705608016656186,0.352231246535236,0.0065277932431061,0.0271670014539882,4.16174355440541,0.751860192533748,0.7209211932111,5.29869954122102,0.8142776820585,0,0.0300000000006548,0.247690257857749,-1.20599291738055,14.0,0.0,0.0,nan,nan,nan,nan,nan,nan,0.0437333333333333,0.0115,0.0192666666666667,3.80289855072464,2.26989619377163,0.596885813148789,0.1608,0.162833333333333,0.160466666666667,0.987512794268168,1.0020772746157,1.0147486497715,0,329.779999999999,Tuning
1492_one-hundred-plants-shape,0.575900358747547,0.318188182544985,0.0078787829182052,0.0158571658267883,2.01264154519952,0.667071274414157,0.700491934001337,4.68492606447381,0.835063502236656,0,0.0300000000006548,0.419960510262877,-0.63267342316849,16.0,0.0,0.0,0.0656666666666667,0.0059,0.0356,11.1299435028249,1.84456928838951,0.165730337078652,0.164133333333333,0.1771,0.150133333333333,0.92678336156597,1.09325044404973,1.17961811722913,0.118,0.114966666666667,0.118133333333333,1.02638445926355,0.998871331828442,0.973194130925508,0,480.080000000002,Tuning
1494_qsar-biodeg,0.514291283553624,0.589395332308378,0.0079849100606121,0.0082459885820843,1.03269648868808,0.701196314880122,0.521286337622069,1.63160205061433,0.828929845624326,0,0.0300000000006548,1.07055893027606,-0.726089649520473,30.0,0.0,0.0,0.0408,0.0409,0.0408,0.997555012224939,1.0,1.00245098039216,0.0408,0.0409,0.0408,0.997555012224939,1.0,1.00245098039216,0.0408,0.0409,0.0408,0.997555012224939,1.0,1.00245098039216,0,497.25,Defaults
1495_qualitative-bankruptcy,0.419181689701673,0.592027983991675,0.0094353993964303,0.0098991595485746,1.04915108864599,0.616809121552828,0.420056875184575,2.6146479985681,0.726282072902769,0,0.0299999999988358,nan,nan,nan,nan,nan,nan,nan,nan,nan,nan,nan,nan,nan,nan,nan,nan,nan,nan,nan,nan,nan,nan,nan,0,1.66999999999825,Tuning
1496_ringnorm,0.477111721280628,0.645567295007613,0.009719981773065,0.0133504388988889,1.37350451992453,0.609498277045201,0.508047125358606,1.20684177645933,0.794163154993635,0,0.0299999999988358,0.779187866365635,-1.28824741820498,5.0,0.0,0.0,0.0001666666666666,0.0001666666666666,0.0001666666666666,1.0,1.0,1.0,0.0001666666666666,0.0001666666666666,0.0001666666666666,1.0,1.0,1.0,0.0001666666666666,0.0001666666666666,0.0001666666666666,1.0,1.0,1.0,0,499.189999999995,Tuning
1497_wall-robot-navigation,0.565994696415467,0.443522858126055,0.0118761337835227,0.0170262664573559,1.43365397929237,0.700451199406958,0.641677624235678,7.407603025517,0.905501242593508,0,0.0500000000010914,0.867273540795669,-0.86634317293889,17.0,0.0,0.0200000000040745,nan,nan,nan,nan,nan,nan,nan,nan,nan,nan,nan,nan,0.1599,0.109166666666667,0.0463333333333333,1.46473282442748,3.45107913669065,2.35611510791367,0,169.75,Tuning
1498_sa-heart,0.417925655618057,0.530107505313361,0.0029807497262605,0.0031160693102137,1.04539783490074,0.616026534998733,0.418099047883537,1.45788269501047,0.735813798082243,0,0.0300000000006548,1.63382156579842,1.02679115506309,138.0,0.0,0.0,0.0279,0.0279333333333333,0.0279,0.998806682577566,1.0,1.00119474313023,0.0279,0.0279333333333333,0.0279,0.998806682577566,1.0,1.00119474313023,0.0279,0.0279333333333333,0.0279,0.998806682577566,1.0,1.00119474313023,0,486.449999999997,Tuning
15_breast-w,0.519943708198244,0.667557106670374,0.0117099050660959,0.0123559939682278,1.05517456362669,0.642617116685112,0.608755313967169,1.64582944660565,0.8177114197678,0,0.0299999999988358,0.451992747727068,-1.72939992396901,21.0,0.0,0.0,nan,nan,nan,nan,nan,nan,nan,nan,nan,nan,nan,nan,nan,nan,nan,nan,nan,nan,0,1.63999999999942,Defaults
1504_steel-plates-fault,0.489204076471836,0.630932947970613,0.0116684207248894,0.0124541938721619,1.06734185934831,0.671722253948958,0.496090046444518,1.28751238754194,0.79577011477794,0,0.0299999999988358,1.07389677112005,-0.781234684511816,6.0,0.0,0.0,nan,nan,nan,nan,nan,nan,nan,nan,nan,nan,nan,nan,nan,nan,nan,nan,nan,nan,0,1.52000000000407,Tuning
1506_thoracic-surgery,0.0868516006714924,0.502553034613639,0.0002491678028432,0.0002966606787994,1.19060599087965,0.133499937249401,0.0904107507251507,170.796378273027,0.173577969309964,0,0.0300000000006548,nan,nan,nan,nan,nan,0.0986333333333333,0.0986333333333333,0.0909666666666667,1.0,1.08427995602785,1.08427995602785,0.170833333333333,0.167766666666667,0.165133333333333,1.01827935624876,1.03451756156641,1.01594670972951,0.170833333333333,0.167766666666667,0.165933333333333,1.01827935624876,1.02952993169948,1.01104861390117,0,403.419999999998,Tuning
1507_twonorm,0.535999855288526,0.664936495744994,0.0090759885387136,0.0166231665154949,1.83155437499604,0.637156947517467,0.565823356042411,7.21259918034017,0.798475413471974,0,0.0500000000010914,0.638324258235256,-1.57485917540703,4.0,0.0,0.0,nan,nan,nan,nan,nan,nan,nan,nan,nan,nan,nan,nan,nan,nan,nan,nan,nan,nan,0,0.80000000000291,Tuning
1508_user-knowledge,0.491406200622626,0.344952420195486,0.0108964812757094,0.0149226935446764,1.36949655279474,0.663091610324766,0.54063086915692,3.53713787902184,0.842363202178282,0,0.0399999999990541,1.13794151811018,-0.461419639639212,34.0,0.0,0.0,nan,nan,nan,nan,nan,nan,nan,nan,nan,nan,nan,nan,nan,nan,nan,nan,nan,nan,0,0.720000000001164,Tuning
1510_wdbc,0.504752451998478,0.624274887111331,0.0100893850545981,0.0127201511929954,1.26074593487722,0.67751542051547,0.514010676736213,6.93818634750259,0.797521258385437,0,0.0300000000006548,1.00753839123806,-0.931477796702424,11.0,0.0,0.0199999999967986,nan,nan,nan,nan,nan,nan,nan,nan,nan,nan,nan,nan,nan,nan,nan,nan,nan,nan,0,0.69999999999709,Defaults
1511_wholesale-customers,0.508214457520679,0.605647750003501,0.0081171503193874,0.0099034031706389,1.22005910707174,0.681718065579757,0.549101007716262,11.4803835880421,0.844457478662263,0,0.0499999999992724,nan,nan,nan,nan,nan,0.0179666666666667,0.0179666666666667,0.0179666666666667,1.0,1.0,1.0,0.0179666666666667,0.0179666666666667,0.0179666666666667,1.0,1.0,1.0,0.0179666666666667,0.0179666666666667,0.0179666666666667,1.0,1.0,1.0,0,211.949999999997,Tuning
1512_heart-long-beach,0.365975134472845,0.217420270157608,0.0014247016775948,0.0018584477783644,1.30444696429487,0.506510638384411,0.388843064637783,1.89517257489893,0.637023412342098,0,0.0400000000008731,1.8434844950839,2.29961176900324,95.0,0.0,0.0199999999967986,0.0146,0.0146,0.0146,1.0,1.0,1.0,0.0146,0.0146,0.0146,1.0,1.0,1.0,0.0146,0.0146,0.0146,1.0,1.0,1.0,0,276.37000000001,Defaults
1519_robot-failures-lp4,0.482465017666587,0.448613026937502,0.0075943813108045,0.0115533204478282,1.52129844091332,0.622918637322305,0.554271329832317,5.87983215623129,0.818941256672861,0,0.0100000000002183,1.15077668507311,-0.0764228609193465,19.0,0.0,0.0199999999967986,nan,nan,nan,nan,nan,nan,nan,nan,nan,nan,nan,nan,nan,nan,nan,nan,nan,nan,0,0.80000000000291,Tuning
1520_robot-failures-lp5,0.497456061672789,0.290401134378835,0.0068150240686141,0.0086407191768621,1.26789268678537,0.675507713688988,0.542554570513104,3.7743636203245,0.852255990238352,0,0.0600000000013097,1.39777784289508,0.659667615164177,60.0,0.0,0.0,0.0696,0.0769333333333333,0.0720666666666667,0.904679376083189,0.96577243293247,1.06753006475486,0.0696,0.0769333333333333,0.0720333333333333,0.904679376083189,0.966219342896807,1.06802406293383,0.255733333333333,0.164866666666667,0.152766666666667,1.55115244642135,1.67401265546585,1.07920576041894,0,205.110000000001,Tuning
1523_vertebra-column,0.500513619538648,0.461528931644587,0.00936338126219,0.0121020344520506,1.29248549355983,0.667738240672158,0.546185362630178,55.0554196436925,0.840014502969657,0,0.0299999999988358,nan,nan,nan,nan,nan,0.0009666666666666,0.0009666666666666,0.0009666666666666,1.0,1.0,1.0,0.0009666666666666,0.0009666666666666,0.0009666666666666,1.0,1.0,1.0,0.0009666666666666,0.0009666666666666,0.0009666666666666,1.0,1.0,1.0,0,203.550000000003,Tuning
1527_volcanoes-a1,0.287211902285127,0.219269909968642,0.0008493948274646,0.0021361640930549,2.51492477230081,0.340180960591464,0.429908358126373,3.39498121108015,0.631162239012142,0,0.0300000000006548,1.89210453115337,2.4029814911596,91.0,0.0,0.0,0.0365666666666667,0.0365666666666667,0.0365666666666667,1.0,1.0,1.0,0.0365666666666667,0.0365666666666667,0.0365666666666667,1.0,1.0,1.0,0.0365666666666667,0.0365666666666667,0.0365666666666667,1.0,1.0,1.0,0,204.139999999999,Tuning
1528_volcanoes-a2,0.277653181661511,0.219273220518106,0.0008466132492274,0.0021307527073851,2.5167958443001,0.329521340495676,0.418763498390042,3.62560665723224,0.61996430694269,0,0.0299999999988358,1.87242289374311,2.24826814904674,117.0,0.0,0.0,0.0451,0.0451,0.0451,1.0,1.0,1.0,0.0451,0.0451,0.0451,1.0,1.0,1.0,0.0451,0.0451,0.0451,1.0,1.0,1.0,0,201.639999999999,Tuning
1529_volcanoes-a3,0.268952746268358,0.217285139939563,0.0005982543567159,0.0019252969464059,3.21819126729735,0.304085596861242,0.435409729961978,3.79285536185743,0.633870896729167,0,0.0499999999992724,1.94571720709986,2.71703325172561,104.0,0.0,0.0,0.0154666666666667,0.0154666666666667,0.0154666666666667,1.0,1.0,1.0,0.0154666666666667,0.0154666666666667,0.0154666666666667,1.0,1.0,1.0,0.0154666666666667,0.0154666666666667,0.0154666666666667,1.0,1.0,1.0,0,249.410000000003,Defaults
1530_volcanoes-a4,0.204097612807349,0.214371098264819,0.0004358534111168,0.0016002954121794,3.67163677365474,0.224597872407467,0.370648480610879,4.53529267820512,0.555889801268684,0,0.0300000000006548,nan,nan,nan,nan,nan,0.0321333333333333,0.0321333333333333,0.0321333333333333,1.0,1.0,1.0,0.0321333333333333,0.0321333333333333,0.0321333333333333,1.0,1.0,1.0,0.0321333333333333,0.0321333333333333,0.0321333333333333,1.0,1.0,1.0,0,210.069999999992,Tuning
1531_volcanoes-b1,0.283049243142292,0.21134702838758,0.0005147270152814,0.0011034228898163,2.14370502627088,0.335432779137707,0.445378822688564,25.5243270435318,0.678339085059727,0,0.0499999999992724,nan,nan,nan,nan,nan,0.0539,0.0376,0.0539,1.43351063829787,1.0,0.697588126159555,0.0539,0.0376,0.0539,1.43351063829787,1.0,0.697588126159555,0.0539,0.0376,0.0539,1.43351063829787,1.0,0.697588126159555,0,422.740000000005,Defaults
1533_volcanoes-b3,0.245172349443713,0.210439063473663,0.0003719483845149,0.001033478031328,2.77855227863336,0.275791500465644,0.432035858549483,33.4481531670089,0.647857895001617,0,0.0400000000008731,1.66797295584891,1.47916875843436,82.0,0.0,0.0,0.0567333333333333,0.0403666666666667,0.0561,1.40545004128819,1.01128936423054,0.719548425430778,0.0567333333333333,0.0403666666666667,0.0567666666666667,1.40545004128819,0.999412800939519,0.7110980622431,0.0567333333333333,0.0403666666666667,0.0567333333333333,1.40545004128819,1.0,0.711515863689777,0,540.360000000001,Defaults
1535_volcanoes-b5,0.25310482508919,0.210317396470244,0.0003692544468765,0.0010218166842833,2.76724273174377,0.286312055716422,0.439063603451578,16.4704300982694,0.660056292548051,0,0.0599999999994907,1.6671598146732,1.53253118982629,70.0,0.0,0.0100000000020373,0.0972666666666667,0.0455666666666667,0.0658666666666667,2.13460131675201,1.47672064777328,0.691801619433198,0.108466666666667,0.0522,0.0745666666666667,2.0779054916986,1.45462673223067,0.700044702726866,0.108466666666667,0.0522,0.079,2.0779054916986,1.37299578059072,0.660759493670886,0,584.880000000005,Defaults
1536_volcanoes-b6,0.274817919641697,0.211280940410518,0.0004706098331979,0.0010970268213438,2.33107500939631,0.319156586543408,0.453184925915263,54.5233006705884,0.680892518552517,0,0.0400000000008731,1.53604598513267,0.921354692456585,68.0,0.0,0.0,0.0489333333333333,0.0323,0.0489333333333333,1.51496388028896,1.0,0.66008174386921,0.0489333333333333,0.0323,0.0489333333333333,1.51496388028896,1.0,0.66008174386921,0.0489333333333333,0.0323,0.0489333333333333,1.51496388028896,1.0,0.66008174386921,0,561.720000000001,Defaults
1539_volcanoes-d2,0.120086949069391,0.203345582290872,4.10589223956346e-05,0.0003780640507543,9.20784152860542,0.120876300595514,0.255318000432272,4.84927099351931,0.406335741740753,0,0.0200000000004366,nan,nan,nan,nan,nan,0.104233333333333,0.0702333333333333,0.0862666666666667,1.48410061699098,1.20826893353941,0.814142194744977,0.104233333333333,0.0702333333333333,0.099,1.48410061699098,1.05286195286195,0.709427609427609,0.104233333333333,0.0702333333333333,0.0927,1.48410061699098,1.12441567781374,0.757641136281913,0,623.23000000001,Tuning
1540_volcanoes-d3,0.106051050910123,0.202938038654277,2.31051428251022e-05,0.0003235290971594,14.0024712077495,0.106088558154894,0.236031628574967,7.40746107405367,0.370023907479683,0,0.0400000000008731,nan,nan,nan,nan,nan,0.1116,0.0736333333333333,0.0744666666666667,1.51561792666365,1.49865711727842,0.988809310653536,0.1116,0.0736333333333333,0.0796666666666667,1.51561792666365,1.40083682008368,0.924267782426778,0.1116,0.0736333333333333,0.0904666666666667,1.51561792666365,1.23360353721444,0.813927781871776,0,605.190000000002,Tuning
1547_autoUniv-au1-1000,0.204375896378309,0.510833414299589,0.0009061253125494,0.0012713010957497,1.40300803668405,0.290438852812504,0.237513777191403,1.46855078862484,0.465626343670525,0,0.0399999999990541,nan,nan,nan,nan,nan,0.0004333333333333,0.0004333333333333,0.0004333333333333,1.0,1.0,1.0,0.0004333333333333,0.0004333333333333,0.0004333333333333,1.0,1.0,1.0,0.0004333333333333,0.0004333333333333,0.0004333333333333,1.0,1.0,1.0,0,499.949999999997,Tuning
1549_autoUniv-au6-750,0.115391758711284,0.126498975708484,0.0001405043941665,0.0001643328789661,1.16959245254154,0.162303076053604,0.116206846354446,2.60890381782715,0.197074004605557,0,0.0300000000006548,nan,nan,nan,nan,nan,0.0388666666666667,0.0483666666666667,0.0393333333333333,0.803583735354928,0.988135593220339,1.22966101694915,0.0388666666666667,0.0483666666666667,0.0397333333333333,0.803583735354928,0.978187919463087,1.21728187919463,0.0388666666666667,0.0483666666666667,0.0393333333333333,0.803583735354928,0.988135593220339,1.22966101694915,0,214.62999999999,Defaults
1551_autoUniv-au6-400,0.217457738827704,0.127948565876925,0.0003280911864364,0.0003495349452886,1.0653591432465,0.331110551139718,0.224322231674335,1.21093393026169,0.392818023512729,0,0.0299999999988358,nan,nan,nan,nan,nan,0.0170666666666667,0.0170666666666667,0.0170666666666667,1.0,1.0,1.0,0.0170666666666667,0.0170666666666667,0.0170666666666667,1.0,1.0,1.0,0.0170666666666667,0.0170666666666667,0.0170666666666667,1.0,1.0,1.0,0,206.080000000002,Defaults
1552_autoUniv-au7-1100,0.433944022988003,0.226938232268304,0.0026798849635826,0.0026879060054708,1.00299305455167,0.626826653961095,0.435330954910386,1.18104688454545,0.751240639434978,0,0.0399999999990541,1.53887714153551,0.699295051931927,141.0,0.0,0.0,0.0168333333333333,0.0168333333333333,0.0168333333333333,1.0,1.0,1.0,0.0168333333333333,0.0168333333333333,0.0168333333333333,1.0,1.0,1.0,0.0168333333333333,0.0168333333333333,0.0168333333333333,1.0,1.0,1.0,0,206.580000000002,Defaults
1553_autoUniv-au7-700,0.461912847355566,0.353723299120551,0.0019442149600672,0.0019635055530071,1.00992204737445,0.645526919184455,0.464033100008654,5.3800436399419,0.754763825857138,0,0.0499999999992724,1.38528306313412,0.299171677084549,69.0,0.0,0.0199999999967986,0.0169666666666667,0.0169666666666667,0.0169666666666667,1.0,1.0,1.0,0.0169666666666667,0.0169666666666667,0.0169666666666667,1.0,1.0,1.0,0.0169666666666667,0.0169666666666667,0.0169666666666667,1.0,1.0,1.0,0,205.75,Defaults
1554_autoUniv-au7-500,0.371427521246925,0.217738961773876,0.0016530729587784,0.0019844536673746,1.20046345010758,0.541248564098151,0.388188305216105,1.17249210872067,0.688866853186777,0,0.0500000000010914,1.9315319645063,2.27451902110198,133.0,0.0,0.0100000000020373,0.0090333333333333,0.0090333333333333,0.0090333333333333,1.0,1.0,1.0,0.0090333333333333,0.0090333333333333,0.0090333333333333,1.0,1.0,1.0,0.0090333333333333,0.0090333333333333,0.0090333333333333,1.0,1.0,1.0,0,204.0,Tuning
1555_autoUniv-au6-1000,0.114566182224446,0.126084394006474,0.0001285326894295,0.0001295038062102,1.00755540699442,0.182357391356943,0.120891799026984,1.32802707869008,0.224323606715847,0,0.0499999999992724,nan,nan,nan,nan,nan,0.0406,0.0447,0.0406,0.9082774049217,1.0,1.10098522167488,0.0406,0.0447,0.0406,0.9082774049217,1.0,1.10098522167488,0.0406,0.0447,0.0406,0.9082774049217,1.0,1.10098522167488,0,203.190000000002,Tuning
1556_acute-inflammations,0.544889864056218,0.707519099826183,0.0070581425308879,0.0187155876170946,2.65163072794169,0.605858922719488,0.678375482549673,5.73409213126638,0.845708994032245,0,0.0499999999992724,0.3177358917521,-1.82969451679729,11.0,0.0,0.0,nan,nan,nan,nan,nan,nan,nan,nan,nan,nan,nan,nan,nan,nan,nan,nan,nan,nan,0,0.779999999998836,Defaults
1558_bank-marketing,0.418811340623866,0.524770834388297,0.0027207123474834,0.0027584291420464,1.01386283801662,0.631884690976235,0.427525052441354,1.92775847073786,0.744834944229323,0,0.0499999999992724,2.01276654627551,2.64796592541721,147.0,0.0,0.0,0.0177666666666667,0.0177666666666667,0.0177666666666667,1.0,1.0,1.0,0.0177666666666667,0.0177666666666667,0.0177666666666667,1.0,1.0,1.0,0.0177666666666667,0.0177666666666667,0.0177666666666667,1.0,1.0,1.0,0,216.360000000001,Tuning
1559_breast-tissue,0.356601193098401,0.28760329110202,0.00356166197199,0.0043555731014166,1.22290468204736,0.52921790867427,0.377106742189396,1.5004130030397,0.675927617277909,0,0.0300000000006548,nan,nan,nan,nan,nan,0.0231333333333333,0.0231333333333333,0.0231333333333333,1.0,1.0,1.0,0.0231333333333333,0.0231333333333333,0.0231333333333333,1.0,1.0,1.0,0.0231333333333333,0.0231333333333333,0.0231333333333333,1.0,1.0,1.0,0,216.889999999999,Defaults
1566_hill-valley,0.765250421718712,0.559311629102903,0.001971713555882,0.0076154727941342,3.86236264969402,0.806324571460647,0.914903073124568,3.74646251791177,0.968900868996479,0,0.0299999999988358,1.05440512198501,-0.219305051726823,50.0,0.0,0.0,0.0531666666666667,0.0531666666666667,0.0531666666666667,1.0,1.0,1.0,0.0531666666666667,0.0531666666666667,0.0531666666666667,1.0,1.0,1.0,0.0621666666666667,0.0615,0.0546333333333333,1.01084010840108,1.1378889566809,1.12568639414277,0,216.350000000006,Tuning
1570_wilt,0.352058402982694,0.589155476206259,0.0039971329505362,0.0099395948231376,2.48668106518801,0.426520241422727,0.505955538086587,3.00068860727139,0.745066384949318,0,0.0300000000006548,1.33586329695704,-0.0315291106845845,57.0,0.0,0.0,0.0040666666666666,0.0040666666666666,0.0040666666666666,1.0,1.0,1.0,0.0040666666666666,0.0040666666666666,0.0040666666666666,1.0,1.0,1.0,0.0040666666666666,0.0040666666666666,0.0040666666666666,1.0,1.0,1.0,0,213.029999999999,Tuning
16_mfeat-karhunen,0.700708018305475,0.419629007490412,0.0069389372549063,0.0319189829169191,4.59998148770546,0.73978506560709,0.709547489754882,2.65640505331915,0.803226936775547,0,0.0100000000002183,0.538828095852835,-1.29156071717135,13.0,0.0,0.0,nan,nan,nan,nan,nan,nan,0.0463,0.026,0.0271,1.78076923076923,1.70848708487085,0.959409594095941,0.182066666666667,0.184033333333333,0.1821,0.98931353015758,0.999816950393557,1.01061687717371,0,141.179999999993,Tuning
1600_SPECTF,0.335087357621637,0.52189965767674,0.0023687404043651,0.002700915419178,1.14023276429984,0.517354219537001,0.35587465714593,20.4487025881976,0.656147625215995,0,0.0300000000006548,nan,nan,nan,nan,nan,0.0064,0.0064,0.0064,1.0,1.0,1.0,0.0064,0.0064,0.0064,1.0,1.0,1.0,0.0064,0.0064,0.0064,1.0,1.0,1.0,0,206.089999999997,Tuning
164_molecular-biology_promoters,0.580440163543747,0.60610311090291,0.0022474181734376,0.0131196589239927,5.83765810878218,0.609037386608738,0.665668672947396,31.1900859632526,0.708932464765215,0,0.0300000000006548,1.10726919252384,-0.451236264991534,36.0,0.0,0.0199999999967986,0.0002333333333333,0.0002333333333333,0.0002333333333333,1.0,1.0,1.0,0.0002333333333333,0.0002333333333333,0.0002333333333333,1.0,1.0,1.0,0.0002333333333333,0.0002333333333333,0.0002333333333333,1.0,1.0,1.0,0,203.789999999994,Defaults
18_mfeat-morphological,0.545230477908361,0.510639498026866,0.0089361780856227,0.0154286947235687,1.72654288844037,0.555279752568481,0.891841628599346,13.3657659305131,0.926833787100723,0,0.0500000000010914,-0.650505717937926,-0.858089717014182,15.0,0.0,0.0,0.0627,0.0221,0.0373333333333333,2.83710407239819,1.67946428571429,0.591964285714286,0.0423,0.0288,0.0229666666666667,1.46875,1.84179970972424,1.25399129172714,0.279233333333333,0.149466666666667,0.0676,1.86819803746655,4.13067061143984,2.21104536489152,0,204.710000000006,Tuning
182_satimage,0.558400321303665,0.414200332122858,0.0160993062706559,0.0215686558403483,1.33972579176666,0.688836393864885,0.604666779230313,1.03876415637202,0.860861479665895,0,0.0299999999988358,0.595966848583689,-1.51341771903565,21.0,0.0,0.0,nan,nan,nan,nan,nan,nan,nan,nan,nan,nan,nan,nan,nan,nan,nan,nan,nan,nan,0,0.729999999995925,Tuning
185_baseball,0.439631406827004,0.392841322225793,0.00637211978223,0.0064636630993733,1.01436622666739,0.654261402642265,0.445073776045931,7.02546669691462,0.776606991944292,0,0.0299999999988358,nan,nan,nan,nan,nan,0.0011333333333333,0.0011333333333333,0.0011333333333333,1.0,1.0,1.0,0.0011333333333333,0.0011333333333333,0.0011333333333333,1.0,1.0,1.0,0.0011333333333333,0.0011333333333333,0.0011333333333333,1.0,1.0,1.0,0,203.509999999995,Tuning
187_wine,0.470219506006817,0.497640501126138,0.0150603283819342,0.0153248016282883,1.01756092162448,0.647087667114858,0.477675061355611,3.3034911894374,0.772608881214935,0,0.0300000000006548,1.10945862286317,-0.717267669242273,9.0,0.0,0.0,nan,nan,nan,nan,nan,nan,nan,nan,nan,nan,nan,nan,nan,nan,nan,nan,nan,nan,0,0.690000000002328,Defaults
188_eucalyptus,0.547044380157566,0.283062524335768,0.0081470885188716,0.0086072625204032,1.05648324557487,0.778355381224819,0.548489538239513,2.69497794615263,0.876216743797794,0,0.0499999999992724,1.41355882645817,0.364201982233091,48.0,0.0,0.0,nan,nan,nan,nan,nan,nan,nan,nan,nan,nan,nan,nan,nan,nan,nan,nan,nan,nan,0,1.16000000000349,Tuning
21_car,0.403001961509242,0.371550155332554,0.0126488272022591,0.0133304672727374,1.05388958672441,0.603170710011285,0.409803107778037,4.72578556476905,0.730141407902165,0,0.0300000000006548,nan,nan,nan,nan,nan,nan,nan,nan,nan,nan,nan,nan,nan,nan,nan,nan,nan,nan,nan,nan,nan,nan,nan,0,0.690000000002328,Tuning
22_mfeat-zernike,0.700651446109756,0.408209606162135,0.0054203095300212,0.0270058913070308,4.98235223605852,0.737363179624727,0.701555236957896,1.71358269968514,0.800608569069362,0,0.0299999999988358,0.257734719805134,-1.54017648188577,9.0,0.0,0.0,0.0023,0.0023,0.0023,1.0,1.0,1.0,0.0660333333333333,0.0405,0.0392666666666667,1.63045267489712,1.68166383701188,1.03140916808149,0.0976,0.1021,0.0974666666666667,0.955925563173359,1.00136798905609,1.04753761969904,0,211.330000000002,Defaults
23_cmc,0.485812325719933,0.366702759799313,0.0030309577442006,0.0033056001052455,1.09061240182924,0.689394331433993,0.506233267693548,17.1305132208631,0.82692023683664,0,0.0399999999990541,1.21551380383721,-0.0750114104760216,43.0,0.0,0.0199999999967986,0.0742666666666667,0.0536,0.0544,1.38557213930348,1.36519607843137,0.985294117647059,0.0574,0.0279,0.0242666666666667,2.0573476702509,2.36538461538462,1.14972527472527,0.0574,0.0279,0.0252333333333333,2.0573476702509,2.27476882430647,1.10568031704095,0,215.330000000002,Tuning
23380_cjs,0.590679178924917,0.41689480727347,0.0205926493373873,0.0216306714909904,1.05040741172232,0.761402423542913,0.607417081191898,1.44695747325626,0.867737676482401,0,0.0299999999988358,0.845725844629432,-1.07389069682059,12.0,0.0,0.0,nan,nan,nan,nan,nan,nan,nan,nan,nan,nan,nan,nan,0.139333333333333,0.1148,0.042,1.2137049941928,3.31746031746032,2.73333333333333,0,71.5299999999988,Tuning
25_colic,0.398252874442969,0.54945901240316,0.0050478158521959,0.0069011951827713,1.36716460838585,0.599897635246309,0.453629157335791,23.2550649164529,0.737530596713202,0,0.0299999999988358,2.01039517846367,2.13908495432125,121.0,0.0,0.0199999999967986,nan,nan,nan,nan,nan,nan,nan,nan,nan,nan,nan,nan,nan,nan,nan,nan,nan,nan,0,0.770000000004075,Tuning
28_optdigits,0.550214670882407,0.361524803548473,0.0177086556997941,0.0271417131546124,1.53268060629401,0.69678625790109,0.564551300044804,5.30477326373143,0.818670611181021,0,0.0299999999988358,0.908405409703903,-1.11158023921446,9.0,0.0,0.0,nan,nan,nan,nan,nan,nan,nan,nan,nan,nan,nan,nan,0.0857,0.0852,0.0828333333333333,1.00586854460094,1.03460764587525,1.02857142857143,0,71.2899999999936,Tuning
29_credit-a,0.507103181904722,0.58428917563566,0.0070260057038969,0.0091497391876314,1.30226754335775,0.682175583988276,0.518026845783271,2.41322972135652,0.794091133082076,0,0.0499999999992724,1.16744364434258,-0.49912605772948,22.0,0.0,0.0199999999967986,0.0619,0.0458333333333333,0.0509333333333333,1.35054545454545,1.21531413612565,0.899869109947644,0.0619,0.0458333333333333,0.0491,1.35054545454545,1.26069246435845,0.93346911065852,0.0619,0.0458333333333333,0.0509666666666667,1.35054545454545,1.21451929365598,0.899280575539568,0,216.169999999998,Defaults
292_Australian,0.492453504844081,0.595457430814073,0.0078510915939709,0.0091618533872069,1.16695280873331,0.661012548206279,0.50455886760106,1.61606559038782,0.786839768165049,0,0.0499999999992724,1.00138071751493,-0.901038482663575,21.0,0.0,0.0100000000020373,0.0641333333333333,0.0457,0.0445666666666667,1.40335521517141,1.43904263275991,1.02543006731488,0.0641333333333333,0.0457,0.0533,1.40335521517141,1.20325203252033,0.857410881801126,0.0641333333333333,0.0457,0.0495666666666667,1.40335521517141,1.29388029589778,0.921990585070612,0,221.279999999999,Tuning
294_satellite_image,0.559620602243239,0.414008138041806,0.0161940191922267,0.0214173616271407,1.32254762532462,0.688965546693398,0.60547199641514,1.02789210085324,0.860855194243391,0,0.0300000000006548,0.598161583452101,-1.50988719230259,17.0,0.0,0.0100000000020373,nan,nan,nan,nan,nan,nan,nan,nan,nan,nan,nan,nan,nan,nan,nan,nan,nan,nan,0,0.680000000007567,Tuning
299_libras_move,0.526400583385538,0.243378362134851,0.0137109987318052,0.0172869699026982,1.26081040782229,0.707263212320483,0.527340053400558,1.19693237305183,0.816673797586244,0,0.0499999999992724,1.31552628379915,-0.0146401432623868,28.0,0.0,0.0,nan,nan,nan,nan,nan,nan,0.0728666666666667,0.0710666666666667,0.0611666666666667,1.02532833020638,1.19128065395095,1.16185286103542,0.112666666666667,0.111866666666667,0.111566666666667,1.00715137067938,1.00985957573947,1.00268897520167,0,136.850000000006,Tuning
3_kr-vs-kp,0.52331577706858,0.625698144734224,0.0100156747904393,0.0134692977889125,1.34482179890365,0.694177229058832,0.53207171067507,2.69696572847436,0.807438985638807,0,0.0300000000006548,1.04041841093891,-0.840960808592767,12.0,0.0,0.0,nan,nan,nan,nan,nan,nan,nan,nan,nan,nan,nan,nan,nan,nan,nan,nan,nan,nan,0,0.720000000001164,Tuning
30_page-blocks,0.582127371378119,0.344926540779754,0.008816965515936,0.0140757696661519,1.59644150141123,0.734067848556409,0.648235069153554,8.94893918371025,0.913724173430572,0,0.0299999999988358,0.882073768241259,-0.908092324748495,33.0,0.0,0.0,0.0491,0.0251,0.0224666666666667,1.95617529880478,2.18545994065282,1.11721068249258,0.0491,0.0251,0.0229333333333333,1.95617529880478,2.14098837209302,1.09447674418605,0.151266666666667,0.117466666666667,0.0498666666666667,1.28774120317821,3.03342245989305,2.35561497326203,0,204.73000000001,Tuning
307_vowel,0.328806951913144,0.488114024037334,0.0111639901105325,0.0164287176384989,1.47158117087541,0.433196542439353,0.51767630058456,5.36410848256764,0.705140390020167,0,0.0299999999988358,0.429137045178684,-1.27058625802017,21.0,0.0,0.0,0.0962,0.0907,0.0939666666666667,1.0606394707828,1.02376729336644,0.965235899255055,0.171233333333333,0.140166666666667,0.1654,1.22164090368609,1.03526803708182,0.847440548166062,0.3402,0.1821,0.116,1.86820428336079,2.93275862068965,1.5698275862069,0,202.670000000013,Tuning
31_credit-g,0.400775816055493,0.525656035347853,0.0027491104846587,0.0030930869816072,1.12512283477439,0.617610805922852,0.41757362300975,2.27399122821119,0.733108123930363,0,0.0499999999992724,nan,nan,nan,nan,nan,0.0154666666666667,0.0154666666666667,0.0154666666666667,1.0,1.0,1.0,0.0154666666666667,0.0154666666666667,0.0154666666666667,1.0,1.0,1.0,0.0154666666666667,0.0154666666666667,0.0154666666666667,1.0,1.0,1.0,0,426.199999999997,Tuning
310_mammography,0.460299103712481,0.567030176862229,0.0037861166347375,0.006656898206246,1.75823907408693,0.571536964825722,0.576174453529741,10.9884569805375,0.832337787398179,0,0.0499999999992724,1.05827170972545,-0.518998531108649,30.0,0.0,0.0,0.0523333333333333,0.0554666666666667,0.0508333333333333,0.943509615384615,1.02950819672131,1.09114754098361,0.0523333333333333,0.0554666666666667,0.0509666666666667,0.943509615384615,1.026814911707,1.08829300196207,0.0523333333333333,0.0554666666666667,0.0514,0.943509615384615,1.01815823605707,1.07911802853437,0,702.050000000003,Tuning
311_oil_spill,0.359778384123859,0.530671564524242,0.0034457812879419,0.0037306609358771,1.08267490711964,0.564775475548351,0.381894474948969,2.96604418587805,0.706510105306989,0,0.0299999999988358,nan,nan,nan,nan,nan,0.0029333333333333,0.0029333333333333,0.0029333333333333,1.0,1.0,1.0,0.0029333333333333,0.0029333333333333,0.0029333333333333,1.0,1.0,1.0,0.0029333333333333,0.0029333333333333,0.0029333333333333,1.0,1.0,1.0,0,810.770000000004,Tuning
316_yeast_ml8,0.165261686704211,0.502552029034712,0.000371205247756,0.0004006433450741,1.07930409792447,0.306941037131107,0.238332618233683,1.27797418815494,0.558493077994582,0,0.0499999999992724,nan,nan,nan,nan,nan,0.0235333333333333,0.0235333333333333,0.0235333333333333,1.0,1.0,1.0,0.0235333333333333,0.0235333333333333,0.0235333333333333,1.0,1.0,1.0,0.0235333333333333,0.0235333333333333,0.0235333333333333,1.0,1.0,1.0,0,781.25,Tuning
32_pendigits,0.562726490993678,0.466108829605876,0.020222270447272,0.0269932758636335,1.33482913968619,0.670803793767699,0.64292074229724,1.65259270346798,0.853796535754914,0,0.0300000000006548,0.401845009650806,-1.70285093027014,12.0,0.0,0.0,0.0971333333333333,0.100966666666667,0.101266666666667,0.962033674480026,0.959183673469388,0.997037524687294,0.130433333333333,0.1135,0.1407,1.14919236417034,0.927031509121061,0.806680881307747,0.168466666666667,0.129633333333333,0.0843333333333333,1.2995628696323,1.99762845849802,1.53715415019763,0,771.259999999995,Tuning
329_hayes-roth,0.345884898697816,0.445458239378866,0.0042134347987046,0.0068952148769091,1.63648310851494,0.402617209997009,0.491231547912581,4.48939569914085,0.629955049572377,0,0.0399999999990541,0.890417311610319,0.287992029682228,29.0,0.0,0.0100000000020373,0.0504333333333333,0.0504333333333333,0.0504333333333333,1.0,1.0,1.0,0.1411,0.128966666666667,0.136333333333333,1.09408115792194,1.03496332518337,0.945965770171149,0.217933333333333,0.205,0.219333333333333,1.06308943089431,0.993617021276596,0.934650455927052,0,751.550000000003,Tuning
333_monks-problems-1,0.341207025284037,0.685093479535178,0.0066340187949692,0.0097012316231343,1.46234611672958,0.408855852442401,0.516648520377135,10.1346110834314,0.631810334628094,0,0.0300000000006548,0.665261698856396,-0.898680160077336,16.0,0.0,0.0,nan,nan,nan,nan,nan,nan,nan,nan,nan,nan,nan,nan,0.296333333333333,0.253133333333333,0.1817,1.17066104819594,1.63089341405247,1.39313887360117,0,256.169999999998,Defaults
334_monks-problems-2,0.118636774739391,0.524918487596861,0.002268418186013,0.0035195333064639,1.55153636492832,0.175415793517804,0.153734561537539,1.99013994110422,0.307998394142152,0,0.0499999999992724,nan,nan,nan,nan,nan,0.0430333333333333,0.0430333333333333,0.0430333333333333,1.0,1.0,1.0,0.0430333333333333,0.0430333333333333,0.0430333333333333,1.0,1.0,1.0,0.0430333333333333,0.0430333333333333,0.0430333333333333,1.0,1.0,1.0,0,764.029999999999,Tuning
335_monks-problems-3,0.449053909920023,0.612031164052293,0.0104331406774011,0.0113867038135074,1.09139751543576,0.635593851626922,0.451469935054503,3.0857436182721,0.75105888238157,0,0.0499999999992724,1.1976185798945,-0.530330874409055,21.0,0.0,0.0100000000020373,0.0860333333333333,0.0938666666666667,0.0842666666666667,0.916548295454546,1.02096518987342,1.11392405063291,0.111433333333333,0.0836666666666667,0.0745333333333333,1.33187250996016,1.49508050089445,1.12254025044723,0.0982333333333333,0.0435,0.0203333333333333,2.25823754789272,4.83114754098361,2.13934426229508,0,837.940000000002,Defaults
336_SPECT,0.17859235735866,0.503957665665964,0.0006181481519017,0.0012215080147195,1.97607646477874,0.350077378311893,0.198554846413329,3.7651610934695,0.45808796164547,0,0.0299999999988358,3.11775870694444,10.8928649170345,69.0,0.0,0.0200000000040745,0.0949666666666667,0.0928666666666667,0.0956666666666667,1.02261306532663,0.992682926829268,0.970731707317073,0.142933333333333,0.1202,0.116166666666667,1.18912922906267,1.23041606886657,1.03472022955524,0.119433333333333,0.0664666666666667,0.0322,1.79689067201605,3.70910973084886,2.06418219461698,0,490.889999999999,Tuning
338_grub-damage,0.36470140726924,0.272242461578769,0.0021840002128967,0.0026366482504964,1.20725640726898,0.533657815445115,0.374290686033048,14.2790312829935,0.625564298016679,0,0.0400000000008731,nan,nan,nan,nan,nan,0.0710333333333333,0.0710333333333333,0.0669,1.0,1.06178375685102,1.06178375685102,0.0710333333333333,0.0710333333333333,0.0684,1.0,1.03849902534113,1.03849902534113,0.0710333333333333,0.0710333333333333,0.0682666666666667,1.0,1.04052734375,1.04052734375,0,260.139999999999,Tuning
35_dermatology,0.453716283601277,0.305904198293887,0.012826742815724,0.0180907714631143,1.41039480739703,0.655650878175869,0.495270143273121,8.26077393276173,0.773964983595182,0,0.0300000000006548,1.6893792467554,0.997587672917239,161.0,0.0,0.0100000000020373,nan,nan,nan,nan,nan,nan,nan,nan,nan,nan,nan,nan,nan,nan,nan,nan,nan,nan,0,0.729999999995925,Tuning
36_segment,0.633419766876237,0.51939960525679,0.0153425540058655,0.0244852966967976,1.59590747977402,0.69538026592069,0.743451735424532,4.74486122250061,0.903240789722097,0,0.0299999999988358,0.234078639582318,-1.5539277955452,15.0,0.0,0.0100000000020373,0.0990333333333333,0.1255,0.1122,0.789110225763612,0.882650029708853,1.11853832442068,0.0761,0.0656666666666667,0.0641,1.15888324873096,1.18720748829953,1.02444097763911,0.1811,0.151633333333333,0.0652666666666667,1.19432842382941,2.77477017364658,2.32328907048008,0,263.310000000012,Tuning
37_diabetes,0.463050318551078,0.550350404368079,0.0047085934417936,0.0047143447589574,1.00122145121148,0.649149553432806,0.468856968436388,3.26557130304805,0.776181775179829,0,0.0499999999992724,1.20480827164612,-0.392197759358407,30.0,0.0,0.0100000000020373,0.0155333333333333,0.0155333333333333,0.0155333333333333,1.0,1.0,1.0,0.0155333333333333,0.0155333333333333,0.0155333333333333,1.0,1.0,1.0,0.0155333333333333,0.0155333333333333,0.0155333333333333,1.0,1.0,1.0,0,269.950000000012,Defaults
377_synthetic_control,0.602363960431394,0.600282229320199,0.0027259260510225,0.0318190851994972,11.6727616978314,0.612290402286651,0.637213401297837,28.2640926172508,0.674915276318723,0,0.0299999999988358,-0.220196349020389,-1.78873428204555,11.0,0.0,0.0199999999967986,nan,nan,nan,nan,nan,nan,nan,nan,nan,nan,nan,nan,0.191666666666667,0.1949,0.2002,0.983410295878228,0.957375957375957,0.973526473526473,0,170.339999999997,Defaults
38_sick,0.463787331007987,0.57047599074604,0.0056346988687195,0.0077999223358447,1.38426604820805,0.647882666074846,0.505154817489001,1.58914528730386,0.817346305436456,0,0.0400000000008731,1.35463979809268,0.0677960608351609,51.0,0.0,0.0199999999967986,0.0037333333333333,0.0037333333333333,0.0037333333333333,1.0,1.0,1.0,0.0037333333333333,0.0037333333333333,0.0037333333333333,1.0,1.0,1.0,0.0037333333333333,0.0037333333333333,0.0037333333333333,1.0,1.0,1.0,0,547.029999999999,Tuning
40_sonar,0.451294062714514,0.564626300326772,0.0061573118002315,0.0068873242394781,1.11856025209233,0.634563237321291,0.451735103254014,1.2076627467631,0.744628350534802,0,0.0500000000010914,1.46693188030264,0.391067434539317,91.0,0.0,0.0299999999988358,nan,nan,nan,nan,nan,nan,nan,nan,nan,nan,nan,nan,nan,nan,nan,nan,nan,nan,0,2.17999999999302,Tuning
40474_thyroid-allbp,0.549968882902124,0.263104950636202,0.0055240091891462,0.0055435543238165,1.00353821545205,0.740274237611423,0.566187223898372,2.21991281314458,0.873709618105575,0,0.0399999999990541,0.981267075341346,-0.78632298191524,38.0,0.0,0.0,0.0157333333333333,0.0157333333333333,0.0157333333333333,1.0,1.0,1.0,0.0157333333333333,0.0157333333333333,0.0157333333333333,1.0,1.0,1.0,0.0157333333333333,0.0157333333333333,0.0157333333333333,1.0,1.0,1.0,0,575.349999999991,Tuning
40475_thyroid-allhyper,0.549968882902124,0.263104950636202,0.0055240091891462,0.0055435543238165,1.00353821545205,0.740274237611423,0.566187223898372,2.21991281314458,0.873709618105575,0,0.0599999999994907,0.981267075341346,-0.78632298191524,38.0,0.0,0.0100000000020373,0.0157333333333333,0.0157333333333333,0.0157333333333333,1.0,1.0,1.0,0.0157333333333333,0.0157333333333333,0.0157333333333333,1.0,1.0,1.0,0.0157333333333333,0.0157333333333333,0.0157333333333333,1.0,1.0,1.0,0,524.419999999998,Tuning
40496_LED-display-domain-7digit,0.332438192969946,0.125205434874347,0.0026141105253436,0.0041647204772335,1.59316923934807,0.547941721927012,0.333787588302447,1.45831888300792,0.654061395989167,0,0.0500000000010914,1.88119739391159,2.46416881762046,116.0,0.0,0.0199999999967986,0.102533333333333,0.118566666666667,0.0989,0.864773685690188,1.03673744523087,1.19885406134142,0.1042,0.0660333333333333,0.0489,1.57799091367996,2.13087934560327,1.35037491479209,0.0954,0.0376666666666667,0.0142,2.53274336283186,6.71830985915493,2.65258215962441,0,485.089999999997,Tuning
40499_texture,0.606350015058324,0.471099091813199,0.0185541856437199,0.0284916150299857,1.53558962797321,0.704538691715487,0.66765491309268,1.99584502176162,0.870923988850065,0,0.0399999999990541,0.397836825102411,-1.61774764558737,11.0,0.0,0.0100000000020373,0.0940333333333333,0.0974333333333333,0.0856,0.96510434485118,1.09852024922118,1.13823987538941,0.157966666666667,0.1334,0.155966666666667,1.18415792103948,1.0128232528318,0.855310963881171,0.1315,0.1217,0.0952666666666667,1.08052588331964,1.38033589923023,1.27746675997201,0,479.889999999999,Tuning
43_haberman,0.221969317112203,0.507240610690533,0.0008964755468393,0.000971614381921,1.08381582224587,0.358638984579696,0.25782713034904,1.32941556568714,0.511332850776755,0,0.0200000000004366,nan,nan,nan,nan,nan,0.0762,0.0762,0.0755333333333333,1.0,1.00882612533098,1.00882612533098,0.102366666666667,0.0784666666666667,0.0648,1.30458793542906,1.57973251028807,1.21090534979424,0.102366666666667,0.0784666666666667,0.0644333333333333,1.30458793542906,1.58872219348163,1.21779617175375,0,561.910000000003,Tuning
44_spambase,0.635458134036252,0.636562389765869,0.0101632434864968,0.0110674209033382,1.08896543884269,0.77463415913498,0.655729986223394,1.79426119017799,0.881123452171462,0,0.0300000000006548,0.77732793184014,-1.06816926205117,27.0,0.0,0.0100000000020373,6.66666666666667e-05,nan,nan,nan,nan,nan,6.66666666666667e-05,nan,nan,nan,nan,nan,0.134133333333333,0.109066666666667,0.0427,1.22982885085575,3.14129586260734,2.55425448868072,0,203.470000000001,Tuning
444_analcatdata_boxing2,0.389403433084124,0.548251782752348,0.0050718149165228,0.0052687937207595,1.03883793227449,0.572967379855123,0.391654388883477,1.18639648641365,0.67379413156664,0,0.0300000000006548,nan,nan,nan,nan,nan,0.0011,0.0011,0.0011,1.0,1.0,1.0,0.0011,0.0011,0.0011,1.0,1.0,1.0,0.0011,0.0011,0.0011,1.0,1.0,1.0,0,555.789999999994,Defaults
446_prnn_crabs,0.256020918687662,0.747622412102896,0.006240896204117,0.0080326971123879,1.28710634653545,0.413118354481233,0.450401735601494,5.66653788202194,0.665742940823101,0,0.0400000000008731,0.170130096206888,-1.49540234211122,20.0,0.0,0.0,0.0862666666666667,0.0534333333333333,0.0950666666666667,1.61447286338116,0.907433380084152,0.562061711079944,0.228,0.190066666666667,0.180533333333333,1.19957909505437,1.2629246676514,1.05280649926145,0.350733333333333,0.182466666666667,0.104466666666667,1.92217756667885,3.35737077217613,1.74664964901085,0,362.189999999988,Tuning
448_analcatdata_boxing1,0.382396462541549,0.5457463378641,0.0051657204995133,0.0051707633255941,1.00097620962677,0.587886956163731,0.393077562918024,1.78738641796428,0.706345939079929,0,0.0500000000010914,nan,nan,nan,nan,nan,6.66666666666667e-05,nan,nan,nan,nan,nan,6.66666666666667e-05,nan,nan,nan,nan,nan,6.66666666666667e-05,nan,nan,nan,nan,nan,0,100.339999999997,Tuning
450_analcatdata_lawsuit,0.424489656395931,0.585870199901042,0.0053002971314594,0.0099808628501099,1.8830760998038,0.552253464164166,0.52107156373956,1.75330293435046,0.78486721013115,0,0.0299999999988358,nan,nan,nan,nan,nan,0.0045333333333333,0.0045333333333333,0.0045333333333333,1.0,1.0,1.0,0.0045333333333333,0.0045333333333333,0.0045333333333333,1.0,1.0,1.0,0.0045333333333333,0.0045333333333333,0.0045333333333333,1.0,1.0,1.0,0,253.630000000005,Tuning
451_irish,0.555379520973444,0.687209204097641,0.0113966230745577,0.0155165833780191,1.3615071128095,0.67417975384904,0.64559926999477,2.65275880841152,0.853529911263825,0,0.0300000000006548,0.51130341012729,-1.62724465889528,8.0,0.0,0.0100000000020373,nan,nan,nan,nan,nan,nan,nan,nan,nan,nan,nan,nan,nan,nan,nan,nan,nan,nan,0,0.770000000004075,Defaults
452_analcatdata_broadwaymult,0.34960546751751,0.17424138453555,0.0038142165687726,0.0041907282085326,1.0987127062586,0.579676222246764,0.406500362493416,1.49133498177281,0.755174752045953,0,0.0300000000006548,nan,nan,nan,nan,nan,0.0086333333333333,0.0086333333333333,0.0086333333333333,1.0,1.0,1.0,0.0086333333333333,0.0086333333333333,0.0086333333333333,1.0,1.0,1.0,0.0086333333333333,0.0086333333333333,0.0086333333333333,1.0,1.0,1.0,0,252.220000000001,Tuning
4534_PhishingWebsites,0.531120464116589,0.624697758977777,0.0083808504448296,0.0142581154498554,1.70127310393083,0.671016568973122,0.557781718763779,2.13942049033565,0.801609603044384,0,0.0499999999992724,0.920997330133414,-1.10953735683699,8.0,0.0,0.0,0.1044,0.121733333333333,0.1054,0.857612267250821,0.990512333965844,1.15496521189121,0.111066666666667,0.0771666666666667,0.0626333333333333,1.43930885529158,1.77328366152209,1.23203831825439,0.0973,0.0399,0.0156,2.43859649122807,6.23717948717949,2.55769230769231,0,256.360000000001,Tuning
455_cars,0.488334341296207,0.384696574394859,0.0052200892152345,0.0054115828820168,1.03668398352722,0.698587903631329,0.489866685472832,30.9025144003362,0.795295086049239,0,0.0300000000006548,1.55210769203767,0.850422411501413,81.0,0.0,0.0100000000020373,nan,nan,nan,nan,nan,nan,nan,nan,nan,nan,nan,nan,nan,nan,nan,nan,nan,nan,0,0.720000000001164,Defaults
4550_MiceProtein,0.51065043164455,0.273288510159702,0.0087827155239687,0.0188173460303182,2.14254304138216,0.670680255988777,0.584743221162009,56.4907305749102,0.828968499174832,0,0.0400000000008731,2.0191742200102,2.63154438392927,27.0,0.0,0.0100000000020373,nan,nan,nan,nan,nan,nan,nan,nan,nan,nan,nan,nan,0.0096333333333333,0.016,0.0119,0.602083333333333,0.80952380952381,1.34453781512605,0,80.4300000000076,Tuning
458_analcatdata_authorship,0.482574341035297,0.407063729533405,0.0132813884223857,0.0191729342836392,1.44359412388868,0.665518100745325,0.508583715211328,2.514020490303,0.77380660536362,0,0.0400000000008731,nan,nan,nan,nan,nan,nan,nan,nan,nan,nan,nan,nan,nan,nan,nan,nan,nan,nan,nan,nan,nan,nan,nan,0,0.720000000001164,Tuning
461_analcatdata_creditscore,0.39278276503161,0.548190455369102,0.0041461187661086,0.0059835967823463,1.44318026566382,0.572478554470062,0.449719370190439,1.76383909267189,0.766855193904311,0,0.0499999999992724,2.17383898945323,3.65631820394804,141.0,0.0,0.0100000000020373,0.0265666666666667,0.0265666666666667,0.0265666666666667,1.0,1.0,1.0,0.0265666666666667,0.0265666666666667,0.0265666666666667,1.0,1.0,1.0,0.0265666666666667,0.0265666666666667,0.0265666666666667,1.0,1.0,1.0,0,365.98000000001,Tuning
463_backache,0.210057103035268,0.507046111623187,0.00088017923454,0.0009612095874177,1.09206119583142,0.349799303432495,0.247106604992343,1.39555566474124,0.467280167165146,0,0.0400000000008731,nan,nan,nan,nan,nan,0.03,0.03,0.03,1.0,1.0,1.0,0.03,0.03,0.03,1.0,1.0,1.0,0.03,0.03,0.03,1.0,1.0,1.0,0,575.220000000001,Tuning
464_prnn_synth,0.472913177086291,0.701844082114374,0.0068804026903533,0.0079900867245594,1.16128184412256,0.499618918626775,0.714550994388895,6.20937728196813,0.786739202705703,0,0.0400000000008731,-0.142507832193392,-1.58953972962846,13.0,0.0,0.0199999999967986,0.0668666666666667,0.0394666666666667,0.0459,1.69425675675676,1.45679012345679,0.859840232389252,0.0673,0.0694,0.0883666666666667,0.969740634005764,0.761599396454168,0.785364013579781,0.245033333333333,0.1632,0.123433333333333,1.50142973856209,1.98514717796381,1.32217121253038,0,577.850000000006,Defaults
466_schizo,0.384224965788988,0.521349180233162,0.0019894794629631,0.0021216687076204,1.06644413632718,0.539650186817758,0.387402509042455,1.03489511671902,0.647142818724625,0,0.0500000000010914,1.50680736242566,0.713110606913768,113.0,0.0,0.0,0.0303,0.0303,0.0303,1.0,1.0,1.0,0.0303,0.0303,0.0303,1.0,1.0,1.0,0.0303,0.0303,0.0303,1.0,1.0,1.0,0,588.339999999997,Defaults
469_analcatdata_dmft,0.674640098630381,0.118524277714138,0.0020566334648875,0.0045223226382419,2.19889577576684,0.716531982101747,0.710751330621141,8.91186501411953,0.837807671219294,0,0.0300000000006548,-0.356735391598723,-1.74350959387693,28.0,0.0,0.0199999999967986,0.1036,0.102033333333333,0.0999,1.01535445932702,1.03703703703704,1.02135468802135,0.152266666666667,0.132566666666667,0.123933333333333,1.14860447573548,1.22861753630984,1.06966110812265,0.0937666666666667,0.0879333333333333,0.0715,1.06633813495072,1.31142191142191,1.22983682983683,0,444.469999999987,Tuning
470_profb,0.330773973701261,0.519448124517564,0.0023686582123232,0.0026194584052526,1.10588281231314,0.541266719131807,0.373366680788779,1.38544534280207,0.691882577156511,0,0.0299999999988358,nan,nan,nan,nan,nan,0.0667333333333333,0.0667333333333333,0.0489333333333333,1.0,1.36376021798365,1.36376021798365,0.0667333333333333,0.0667333333333333,0.0419,1.0,1.59268098647574,1.59268098647574,0.0667333333333333,0.0667333333333333,0.0441666666666667,1.0,1.51094339622642,1.51094339622642,0,239.339999999997,Tuning
475_analcatdata_germangss,0.496631804138333,0.144444996595603,0.0028542463538057,0.0069378727013281,2.43071965111822,0.497810795972265,0.710681096169002,5.0740842460672,0.80769441623673,0,0.0300000000006548,0.278544033789001,-1.25031619587144,12.0,0.0,0.0,0.0935333333333333,0.0935333333333333,0.0997666666666667,1.0,0.937520882058136,0.937520882058136,0.263633333333333,0.152733333333333,0.104966666666667,1.72610213880402,2.51159098126389,1.45506510003176,0.2264,0.164633333333333,0.0484333333333333,1.3751771613687,4.67446662078458,3.39917412250516,0,248.440000000002,Tuning
48_tae,0.338624626519271,0.361054580359192,0.0013425099645841,0.0036285680219351,2.70282390273284,0.453272890171226,0.340910621969954,2.62419646276535,0.563736823362585,0,0.0400000000008731,1.30448599365432,1.33138844748058,31.0,0.0,0.0,0.101166666666667,0.0987666666666667,0.0987666666666667,1.0242996962538,1.0242996962538,1.0,0.187866666666667,0.1771,0.1622,1.06079427818558,1.15824085491163,1.09186189889026,0.2276,0.224533333333333,0.227666666666667,1.01365795724466,0.999707174231332,0.986237188872621,0,245.239999999991,Defaults
481_biomed,0.4650578131372,0.586754540884813,0.0077516194651095,0.0085461068911178,1.1024930892937,0.642882704603383,0.477030207551122,50.2615846192365,0.774143142480763,0,0.0299999999988358,nan,nan,nan,nan,nan,0.0002,0.0002,0.0002,1.0,1.0,1.0,0.0002,0.0002,0.0002,1.0,1.0,1.0,0.0002,0.0002,0.0002,1.0,1.0,1.0,0,234.169999999998,Defaults
49_heart-c,0.489302305433229,0.576132329712824,0.0064719454701745,0.0079102939290468,1.22224359978014,0.672548511727758,0.49468868323992,3.07113586199681,0.779398549606867,0,0.0400000000008731,1.20342904211599,-0.400915382257869,40.0,0.0,0.0100000000020373,0.0004333333333333,0.0004333333333333,0.0004333333333333,1.0,1.0,1.0,0.0004333333333333,0.0004333333333333,0.0004333333333333,1.0,1.0,1.0,0.0004333333333333,0.0004333333333333,0.0004333333333333,1.0,1.0,1.0,0,243.190000000002,Defaults
50_tic-tac-toe,0.410350092335855,0.58390565343966,0.0090870676130956,0.0093002079602709,1.02345534954182,0.615791180792922,0.416500524406253,4.40895168036538,0.732436750181916,0,0.0300000000006548,nan,nan,nan,nan,nan,nan,nan,nan,nan,nan,nan,nan,nan,nan,nan,nan,nan,nan,nan,nan,nan,nan,nan,0,0.75,Tuning
51_heart-h,0.498154117058251,0.57126704693751,0.0062035712334753,0.0071795382409903,1.15732341433407,0.687098920142806,0.501087100898698,350.551432467244,0.795402963549197,0,0.0299999999988358,1.17559822146602,-0.434405508487281,30.0,0.0,0.0100000000020373,0.0111666666666667,0.0111666666666667,0.0111666666666667,1.0,1.0,1.0,0.0111666666666667,0.0111666666666667,0.0111666666666667,1.0,1.0,1.0,0.0111666666666667,0.0111666666666667,0.0111666666666667,1.0,1.0,1.0,0,242.529999999999,Defaults
53_heart-statlog,0.460565237294522,0.576282530225983,0.0067007003450311,0.0075789228259799,1.1310642821985,0.63881786825347,0.465653991495615,2.17348214926453,0.756329442752877,0,0.0100000000002183,1.21255530162333,-0.399876599109667,41.0,0.0,0.0100000000020373,nan,nan,nan,nan,nan,nan,nan,nan,nan,nan,nan,nan,nan,nan,nan,nan,nan,nan,0,0.770000000004075,Tuning
54_vehicle,0.525015982123783,0.414349982832617,0.0127664087538713,0.013108757690817,1.02681638537086,0.697820091335974,0.554279392566669,12.4571699564511,0.848935669330711,0,0.0300000000006548,0.956837972761027,-0.848133379731435,12.0,0.0,0.0199999999967986,nan,nan,nan,nan,nan,nan,0.1754,0.177266666666667,0.193133333333333,0.9894697254607,0.908180876769072,0.917846047635485,0.1949,0.166133333333333,0.1596,1.17315409309791,1.22117794486216,1.04093567251462,0,165.059999999998,Tuning
55_hepatitis,0.382380338593785,0.53519841918997,0.0038109199336653,0.0040862562055611,1.07224929326471,0.580840345335036,0.393019741876378,1.28634294702395,0.685274968449555,0,0.0500000000010914,nan,nan,nan,nan,nan,0.0037,0.0037,0.0037,1.0,1.0,1.0,0.0037,0.0037,0.0037,1.0,1.0,1.0,0.0037,0.0037,0.0037,1.0,1.0,1.0,0,242.12000000001,Defaults
56_vote,0.478160606461319,0.593892055793859,0.0083307186843278,0.010758332638115,1.29140510510266,0.670754299415447,0.487849495787468,1.67708676439268,0.773553219626172,0,0.0499999999992724,1.34921070806985,-0.0935779989310186,159.0,0.0,0.0100000000020373,nan,nan,nan,nan,nan,nan,nan,nan,nan,nan,nan,nan,nan,nan,nan,nan,nan,nan,0,0.739999999990687,Defaults
59_ionosphere,0.442789460542709,0.600296225589774,0.0091136589528479,0.0092815733374377,1.01842447533515,0.600787943615046,0.45905468117654,4.37439784450456,0.742957397385904,0,0.0400000000008731,nan,nan,nan,nan,nan,0.0005666666666666,0.0005666666666666,0.0005666666666666,1.0,1.0,1.0,0.0005666666666666,0.0005666666666666,0.0005666666666666,1.0,1.0,1.0,0.0005666666666666,0.0005666666666666,0.0005666666666666,1.0,1.0,1.0,0,245.149999999994,Tuning
60_waveform-5000,0.510657472234337,0.474418430973137,0.0097085649307069,0.0159502634735623,1.64290640145113,0.65144785617115,0.536979418545468,1.74194196036189,0.781079768132853,0,0.0299999999988358,0.997463543689646,-0.973155700316422,11.0,0.0,0.0199999999967986,nan,nan,nan,nan,nan,nan,nan,nan,nan,nan,nan,nan,nan,nan,nan,nan,nan,nan,0,0.770000000004075,Tuning
61_iris,0.490036748557227,0.595707833255092,0.0127701488645386,0.0159403000971489,1.24824700684684,0.592374727282512,0.611970995755995,8.67046496258251,0.812559132695553,0,0.0300000000006548,0.47760940681675,-1.56942283487619,24.0,0.0,0.0,0.0993,0.139433333333333,0.107033333333333,0.712168300262969,0.927748364995329,1.30270943631267,0.140933333333333,0.1165,0.139266666666667,1.20972818311874,1.01196744853997,0.836524652943992,0.243566666666667,0.172733333333333,0.1378,1.41007333076032,1.76753749395259,1.25350749879052,0,249.87000000001,Defaults
6332_cylinder-bands,0.34616339509915,0.519454743052802,0.0020483470177321,0.0030949592340671,1.51095454396868,0.542354639055205,0.478573906197415,24.4361570478469,0.81700777843233,0,0.0399999999990541,nan,nan,nan,nan,nan,0.0002333333333333,0.0002333333333333,0.0002333333333333,1.0,1.0,1.0,0.0002333333333333,0.0002333333333333,0.0002333333333333,1.0,1.0,1.0,0.0002333333333333,0.0002333333333333,0.0002333333333333,1.0,1.0,1.0,0,250.970000000001,Tuning
679_rmftsa_sleepdata,0.191431499924622,0.253474051786636,0.0002004442224051,0.0022340424354152,11.1454568687913,0.355718960612582,0.411859570096191,40.4892214772278,0.716768147281693,0,0.0599999999994907,-0.0834521326001412,0.597417872013774,130.0,0.0,0.0199999999967986,0.0483666666666667,0.0124333333333333,0.0152,3.89008042895442,3.18201754385965,0.817982456140351,0.0839,0.0740333333333333,0.0638333333333333,1.13327330031517,1.31436031331593,1.1597911227154,0.0839,0.0740333333333333,0.0640666666666667,1.13327330031517,1.30957336108221,1.15556711758585,0,251.869999999995,Tuning
685_visualizing_livestock,0.0177897086540323,0.0740803486471294,0.0001613764177523,0.0008320035541069,5.15566999004447,0.0339776091995073,0.262122647757738,2.33870417932404,0.417800088208625,0,0.0300000000006548,0.866405539220655,0.64278911478904,20.0,0.0,0.0100000000020373,0.0460666666666667,0.0460666666666667,0.0460666666666667,1.0,1.0,1.0,0.2483,0.2483,0.169866666666667,1.0,1.46173469387755,1.46173469387755,0.513066666666667,0.291,0.2772,1.7631156930126,1.85088985088985,1.04978354978355,0,242.389999999999,Tuning
694_diggle_table_a2,0.486546225711818,0.461562396051021,0.0109887285844321,0.0255630231607176,2.32629489065123,0.56207005944224,0.66856561365259,15.4418390245442,0.86678867675823,0,0.0299999999988358,0.606557319508158,-1.39944595148711,11.0,0.0,0.0,0.0998333333333333,0.0520666666666667,0.1027,1.91741357234315,0.972086984745213,0.506978253813697,0.194566666666667,0.186566666666667,0.190733333333333,1.04288011434697,1.02009786787836,0.978154491436561,0.219933333333333,0.143666666666667,0.0940333333333333,1.53085846867749,2.33888691953208,1.52782701169798,0,242.789999999994,Tuning
